ID,Crop_Type,Growth_Stage,Soil_Moisture_pct,Temperature_C,Humidity_pct,Rainfall_7day_mm,Soil_pH,Solar_Radiation_MJm2,Water_Requirement_mm,Irrigate
1,Rice,Seedling,54.49,21.61,39.07,8.2,7.72,20.91,39.89,Yes
2,Rice,Vegetative,23.96,31.25,66.48,57.28,7.6,18.39,67.39,Yes
3,Potato,Flowering,58.57,15.18,82.38,55.85,6.52,13.11,23.55,No
4,Rice,Maturation,15.8,37.88,69.24,64.57,7.69,20.72,53.59,Yes
5,Tomato,Seedling,43.12,37.39,70.2,68.94,7.23,24.09,6.73,No
6,Sugarcane,Seedling,61.32,38.4,54.71,36.27,8.0,13.25,32.46,Yes
7,Soybean,Vegetative,50.21,33.95,74.43,5.71,7.4,20.68,44.17,Yes
8,Sugarcane,Vegetative,51.08,37.76,80.44,18.32,5.6,16.31,77.89,Yes
9,Sugarcane,Seedling,22.66,40.46,86.96,25.17,7.47,17.91,52.53,Yes
10,Sugarcane,Vegetative,24.8,30.16,47.08,46.77,8.19,17.99,68.06,Yes
11,Cotton,Vegetative,40.57,17.45,33.06,8.77,7.38,25.84,53.43,Yes
12,Tomato,Maturation,41.75,41.22,85.95,0.92,7.66,23.63,52.43,Yes
13,Sugarcane,Flowering,16.69,26.74,59.49,76.31,8.13,15.27,77.26,Yes
14,Rice,Flowering,60.5,28.71,42.93,29.91,5.98,29.07,95.37,Yes
15,Wheat,Flowering,39.32,18.02,53.59,78.83,7.92,14.79,10.96,No
16,Rice,Seedling,53.91,37.03,93.57,42.62,5.88,23.2,31.59,Yes
17,Maize,Flowering,41.66,31.38,92.68,74.31,7.77,23.8,29.18,Yes
18,Soybean,Maturation,63.98,27.19,46.11,5.12,5.56,21.08,24.74,No
19,Cotton,Seedling,14.26,32.04,44.88,72.43,8.08,11.42,17.32,No
20,Cotton,Vegetative,53.4,38.82,67.45,19.44,6.92,18.14,60.31,Yes
21,Rice,Seedling,49.54,24.57,56.72,69.11,5.66,23.07,11.13,No
22,Soybean,Seedling,24.92,20.14,59.16,33.75,6.34,15.0,10.55,No
23,Rice,Maturation,58.48,38.11,36.36,52.17,7.12,10.3,52.74,Yes
24,Cotton,Vegetative,34.38,28.0,86.2,72.2,5.99,10.04,28.39,Yes
25,Tomato,Flowering,65.59,36.2,48.54,55.73,7.69,25.67,44.76,Yes
26,Cotton,Flowering,23.06,16.58,77.82,4.88,6.44,11.0,72.48,Yes
27,Potato,Vegetative,13.41,28.71,85.34,5.48,5.7,27.24,52.18,Yes
28,Cotton,Seedling,47.16,26.32,67.94,41.82,8.3,14.09,15.16,No
29,Soybean,Vegetative,25.94,18.53,71.96,36.58,8.29,28.71,30.54,Yes
30,Rice,Seedling,42.26,28.66,38.61,27.92,5.71,14.89,41.52,Yes
31,Sugarcane,Vegetative,36.29,29.67,49.66,78.71,7.92,20.58,46.53,Yes
32,Rice,Vegetative,25.87,39.02,78.26,12.44,6.35,14.21,90.59,Yes
33,Soybean,Vegetative,51.25,38.03,62.85,20.09,8.22,11.02,37.7,Yes
34,Wheat,Seedling,30.01,18.53,93.69,12.93,6.83,24.11,6.09,No
35,Wheat,Seedling,14.51,38.84,88.76,43.65,8.0,21.65,19.06,No
36,Sugarcane,Flowering,63.94,36.5,85.95,71.91,6.13,14.99,67.53,Yes
37,Rice,Flowering,56.81,38.87,56.41,49.65,5.96,28.6,98.5,Yes
38,Maize,Maturation,11.49,34.89,51.59,74.47,7.91,27.28,17.18,No
39,Cotton,Flowering,19.55,33.93,54.87,3.1,6.91,13.99,97.47,Yes
40,Cotton,Vegetative,11.42,20.21,51.34,69.15,8.4,15.58,33.96,Yes
41,Tomato,Flowering,66.35,18.11,93.08,14.29,8.39,15.31,48.33,Yes
42,Soybean,Maturation,46.37,28.81,55.04,46.13,6.26,24.18,16.2,No
43,Wheat,Vegetative,31.85,16.89,73.18,26.42,6.44,26.96,22.11,No
44,Sugarcane,Maturation,29.57,33.82,66.04,15.35,7.49,17.58,64.16,Yes
45,Maize,Flowering,34.36,37.51,49.75,16.81,7.86,22.13,71.48,Yes
46,Cotton,Maturation,57.62,40.92,77.84,52.71,6.35,23.28,27.57,Yes
47,Soybean,Seedling,59.11,35.28,73.73,17.97,6.1,10.49,15.65,No
48,Rice,Maturation,34.87,32.0,42.64,55.71,6.98,14.88,53.81,Yes
49,Wheat,Seedling,56.71,20.91,82.27,55.67,6.89,21.15,0,No
50,Maize,Maturation,50.05,41.67,68.7,76.0,8.17,22.25,9.25,No
51,Tomato,Maturation,63.83,35.08,60.85,20.74,6.24,22.75,32.4,Yes
52,Cotton,Flowering,36.39,34.27,45.24,26.87,8.18,11.61,74.52,Yes
53,Maize,Vegetative,32.98,19.13,43.91,33.19,6.49,19.32,40.18,Yes
54,Tomato,Seedling,61.4,35.67,54.72,0.47,6.56,25.07,34.7,Yes
55,Tomato,Vegetative,39.29,22.37,61.57,31.11,7.51,25.96,37.46,Yes
56,Maize,Seedling,64.42,30.98,73.09,6.72,6.79,27.34,13.02,No
57,Maize,Seedling,25.61,23.84,59.56,27.0,8.14,15.57,23.39,No
58,Rice,Maturation,11.16,29.56,94.99,28.0,7.45,25.62,62.99,Yes
59,Wheat,Seedling,66.98,20.38,31.32,12.19,5.88,23.39,4.78,No
60,Sugarcane,Flowering,20.07,31.4,78.62,9.16,7.96,29.29,111.4,Yes
61,Rice,Seedling,65.73,30.55,89.02,30.02,8.32,13.97,20.05,No
62,Cotton,Seedling,51.83,23.14,74.48,64.44,7.89,21.32,0,No
63,Wheat,Flowering,41.96,32.86,34.48,51.8,5.54,18.4,34.74,Yes
64,Soybean,Maturation,52.44,26.76,77.7,77.24,6.31,26.16,0,No
65,Potato,Maturation,36.13,34.74,47.45,68.14,7.99,11.73,18.8,No
66,Potato,Maturation,30.18,28.35,51.13,39.0,6.56,15.17,26.92,Yes
67,Sugarcane,Flowering,43.35,28.95,42.42,19.31,6.72,21.1,101.51,Yes
68,Potato,Maturation,57.58,17.51,44.4,55.34,6.42,21.63,5.05,No
69,Potato,Flowering,35.53,35.14,51.5,56.23,6.31,15.03,51.98,Yes
70,Rice,Vegetative,21.49,34.94,47.97,47.17,7.78,21.94,80.92,Yes
71,Rice,Vegetative,27.77,24.74,49.65,56.64,5.88,10.91,66.27,Yes
72,Maize,Maturation,16.16,15.33,48.48,38.3,6.52,29.31,25.22,Yes
73,Sugarcane,Maturation,16.85,16.76,61.96,46.16,7.56,13.03,46.04,Yes
74,Rice,Vegetative,17.11,35.64,69.41,63.26,6.18,20.45,63.84,Yes
75,Potato,Maturation,27.84,30.89,57.87,45.49,5.68,29.2,31.28,Yes
76,Cotton,Flowering,49.63,19.24,41.3,6.01,5.51,19.01,74.81,Yes
77,Potato,Flowering,11.96,22.78,48.38,68.77,5.71,14.67,43.81,Yes
78,Cotton,Maturation,16.89,21.07,39.68,21.25,5.93,11.19,51.81,Yes
79,Sugarcane,Flowering,36.35,27.65,49.77,32.2,6.32,20.8,91.77,Yes
80,Tomato,Flowering,46.22,15.7,44.88,53.94,8.08,21.74,40.91,Yes
81,Wheat,Flowering,44.57,35.6,41.39,41.52,6.83,15.56,46.39,Yes
82,Potato,Seedling,38.2,26.03,50.87,8.37,5.98,18.23,27.67,Yes
83,Potato,Flowering,49.76,25.81,79.43,2.94,5.76,15.05,63.71,Yes
84,Wheat,Maturation,34.79,20.06,53.52,60.52,7.38,25.2,4.28,No
85,Cotton,Flowering,42.95,40.05,58.48,55.86,5.86,29.46,61.94,Yes
86,Maize,Flowering,43.05,29.91,36.06,79.38,8.24,19.23,32.71,Yes
87,Rice,Vegetative,39.9,34.35,63.08,21.87,8.0,29.6,82.27,Yes
88,Tomato,Vegetative,65.31,28.72,87.16,69.12,6.33,25.8,14.01,No
89,Tomato,Flowering,66.05,28.71,83.34,22.63,6.4,21.74,55.21,Yes
90,Maize,Maturation,42.31,24.32,65.87,43.47,6.87,16.44,15.89,No
91,Cotton,Vegetative,44.31,21.31,80.41,3.49,7.73,24.1,52.63,Yes
92,Maize,Maturation,67.89,18.41,92.75,26.56,5.8,26.9,2.63,No
93,Rice,Maturation,10.92,18.89,86.61,77.6,5.72,25.63,31.56,Yes
94,Tomato,Seedling,61.11,38.01,85.86,30.4,6.45,24.37,19.06,No
95,Potato,Seedling,47.05,21.34,74.49,22.99,6.18,11.81,14.61,No
96,Rice,Maturation,19.98,23.09,31.88,25.95,5.67,17.17,65.03,Yes
97,Tomato,Vegetative,24.65,26.13,74.32,14.4,6.03,22.19,50.33,Yes
98,Potato,Vegetative,23.93,32.22,59.87,53.35,8.2,19.31,39.61,Yes
99,Sugarcane,Vegetative,14.43,40.52,94.2,23.93,8.39,23.81,84.1,Yes
100,Tomato,Maturation,16.4,25.3,53.33,23.67,7.6,10.44,43.53,Yes
101,Tomato,Flowering,10.49,38.36,80.59,77.89,8.23,24.9,57.68,Yes
102,Cotton,Flowering,23.14,20.13,46.29,60.45,7.8,23.62,49.56,Yes
103,Maize,Seedling,64.2,32.45,50.08,35.27,7.24,24.65,11.25,No
104,Tomato,Vegetative,22.05,36.24,86.97,29.27,7.01,15.45,54.84,Yes
105,Maize,Flowering,64.84,40.49,92.88,23.61,8.11,26.08,52.06,Yes
106,Cotton,Maturation,68.04,36.72,53.78,63.25,5.54,20.73,15.7,No
107,Potato,Flowering,50.37,33.15,68.0,65.79,8.32,12.17,35.85,Yes
108,Soybean,Vegetative,48.86,32.16,60.18,56.09,7.45,12.33,20.78,No
109,Wheat,Seedling,28.26,28.3,36.32,70.98,5.91,19.07,0,No
110,Tomato,Vegetative,63.12,32.68,84.19,49.25,8.32,15.59,20.3,No
111,Soybean,Vegetative,36.6,40.66,85.6,7.95,7.56,20.89,54.87,Yes
112,Tomato,Flowering,21.39,18.3,85.12,36.38,7.49,22.83,53.73,Yes
113,Wheat,Seedling,57.21,21.58,38.19,45.17,5.71,25.3,0,No
114,Cotton,Flowering,56.46,36.29,68.74,22.18,8.45,29.75,72.56,Yes
115,Sugarcane,Vegetative,16.6,38.39,38.57,28.66,7.87,21.78,92.3,Yes
116,Maize,Maturation,41.57,35.13,60.96,62.24,7.04,12.18,16.45,No
117,Cotton,Seedling,53.63,39.54,72.83,24.13,7.43,10.62,33.01,Yes
118,Tomato,Seedling,39.42,39.56,34.78,6.46,7.32,11.31,44.38,Yes
119,Sugarcane,Flowering,32.85,31.13,49.17,40.44,6.79,25.86,98.96,Yes
120,Cotton,Maturation,37.09,21.17,52.03,36.28,6.75,11.9,32.04,Yes
121,Tomato,Flowering,49.91,25.11,39.92,73.84,5.7,26.64,37.34,Yes
122,Soybean,Vegetative,43.38,30.83,66.5,26.37,5.87,17.07,35.9,Yes
123,Tomato,Seedling,68.1,31.21,52.86,46.23,6.14,23.13,3.92,No
124,Soybean,Seedling,55.76,30.5,82.47,67.61,8.42,26.37,0,No
125,Wheat,Flowering,11.74,22.38,79.56,73.72,6.55,13.63,26.64,Yes
126,Rice,Vegetative,54.46,41.24,35.96,42.44,6.63,19.07,79.03,Yes
127,Maize,Flowering,28.7,23.76,91.19,47.7,8.15,13.11,42.53,Yes
128,Rice,Flowering,36.59,26.45,69.46,33.13,6.15,20.25,96.58,Yes
129,Soybean,Maturation,16.65,33.31,68.55,42.15,6.43,14.41,30.63,Yes
130,Cotton,Flowering,66.72,35.72,79.67,23.16,5.86,19.95,63.76,Yes
131,Tomato,Vegetative,17.75,29.38,44.96,44.7,7.5,17.08,44.37,Yes
132,Tomato,Seedling,37.59,17.1,50.35,34.34,6.71,22.8,13.9,No
133,Sugarcane,Seedling,34.3,41.09,41.17,75.81,6.88,23.79,24.99,No
134,Rice,Vegetative,36.14,25.81,35.11,69.64,7.74,14.43,59.56,Yes
135,Maize,Seedling,40.63,18.08,63.15,72.47,6.55,24.55,0,No
136,Cotton,Seedling,18.79,20.33,69.16,60.82,7.47,13.54,2.96,No
137,Potato,Maturation,55.27,35.52,59.18,73.93,7.19,22.71,1.21,No
138,Soybean,Vegetative,36.39,27.66,71.04,63.71,7.27,17.04,11.83,No
139,Rice,Flowering,37.7,16.02,53.97,22.97,7.43,29.55,99.55,Yes
140,Tomato,Maturation,44.82,40.76,78.03,3.28,8.23,21.43,52.5,Yes
141,Cotton,Flowering,46.3,28.54,92.25,36.04,7.93,26.75,59.21,Yes
142,Maize,Seedling,24.86,26.82,58.56,41.82,5.98,17.46,15.68,No
143,Sugarcane,Maturation,34.53,24.14,68.86,63.14,7.44,11.32,36.35,Yes
144,Sugarcane,Flowering,53.42,32.73,88.91,69.86,6.5,21.65,70.58,Yes
145,Maize,Flowering,28.61,32.71,73.04,10.32,7.63,11.69,67.09,Yes
146,Soybean,Vegetative,50.21,37.38,78.02,54.83,7.08,22.92,20.14,No
147,Tomato,Flowering,11.09,23.34,91.83,27.34,7.8,13.84,67.53,Yes
148,Sugarcane,Seedling,40.46,29.57,78.01,42.12,7.49,27.53,26.71,Yes
149,Maize,Maturation,19.26,19.88,75.03,49.98,8.21,24.42,19.7,No
150,Cotton,Maturation,46.64,35.31,80.95,18.72,6.22,29.31,41.86,Yes
151,Potato,Vegetative,32.07,40.57,93.99,36.93,6.35,17.64,35.37,Yes
152,Cotton,Vegetative,62.38,16.41,61.24,29.7,8.3,24.23,28.8,Yes
153,Rice,Flowering,15.03,19.33,59.21,41.07,7.99,11.83,102.71,Yes
154,Soybean,Seedling,34.89,25.7,54.31,30.89,5.74,14.49,11.07,No
155,Soybean,Seedling,60.35,32.55,81.44,11.01,6.36,26.6,14.63,No
156,Potato,Maturation,46.92,39.46,31.24,17.25,5.95,28.8,42.94,Yes
157,Tomato,Seedling,56.57,21.42,37.92,19.08,7.42,22.46,21.55,No
158,Potato,Seedling,47.92,30.53,76.71,23.3,5.5,17.06,18.3,No
159,Tomato,Vegetative,49.86,17.31,93.35,5.41,7.08,20.15,42.0,Yes
160,Tomato,Maturation,12.61,25.45,54.26,59.79,6.57,11.35,26.0,Yes
161,Cotton,Seedling,56.29,34.85,51.61,3.55,7.14,26.27,38.21,Yes
162,Potato,Maturation,47.9,36.91,34.1,62.1,6.87,15.87,23.85,No
163,Wheat,Vegetative,63.15,23.52,50.15,31.86,7.95,19.47,20.32,No
164,Sugarcane,Flowering,61.73,16.29,72.62,21.86,7.9,18.74,79.0,Yes
165,Tomato,Maturation,63.68,25.44,93.29,39.7,6.99,28.49,4.68,No
166,Tomato,Seedling,35.84,41.87,41.73,23.5,5.81,16.56,37.5,Yes
167,Sugarcane,Flowering,36.75,34.38,40.83,35.51,6.84,24.54,103.95,Yes
168,Tomato,Flowering,48.37,36.37,33.73,53.69,6.72,20.26,54.66,Yes
169,Maize,Seedling,18.57,31.4,80.79,2.78,5.7,25.57,36.22,Yes
170,Wheat,Vegetative,50.74,40.62,54.18,61.05,7.22,20.59,21.74,No
171,Tomato,Flowering,48.97,21.74,37.37,58.85,7.0,17.74,39.61,Yes
172,Sugarcane,Maturation,22.87,31.52,75.11,79.89,6.1,12.71,32.97,Yes
173,Rice,Maturation,20.36,34.26,94.82,64.84,8.4,29.73,43.29,Yes
174,Sugarcane,Flowering,61.08,34.22,90.28,51.02,7.88,20.18,71.29,Yes
175,Rice,Vegetative,57.52,21.39,62.11,28.87,7.22,19.35,62.93,Yes
176,Rice,Seedling,28.56,41.99,76.73,42.06,7.81,26.47,44.46,Yes
177,Rice,Vegetative,68.34,32.34,59.25,54.41,6.53,27.56,54.25,Yes
178,Maize,Vegetative,35.96,39.59,33.6,9.93,5.96,13.29,59.07,Yes
179,Soybean,Vegetative,30.76,40.4,88.17,67.67,6.25,22.7,22.48,No
180,Sugarcane,Seedling,40.15,19.55,91.2,12.34,7.48,24.41,31.24,Yes
181,Soybean,Seedling,59.51,15.77,32.96,51.32,7.23,23.02,0,No
182,Wheat,Maturation,63.34,29.73,71.72,24.17,6.23,26.15,9.51,No
183,Tomato,Flowering,37.21,33.59,40.28,33.25,6.89,16.8,72.02,Yes
184,Soybean,Flowering,68.52,18.53,54.09,44.93,6.46,19.33,27.52,Yes
185,Sugarcane,Maturation,24.88,17.61,48.86,30.73,7.35,14.97,51.61,Yes
186,Soybean,Flowering,21.39,19.3,94.74,37.35,8.14,19.95,38.67,Yes
187,Rice,Maturation,40.33,41.1,43.98,28.23,5.65,19.9,72.27,Yes
188,Potato,Flowering,42.2,37.87,58.01,70.6,7.68,25.28,38.97,Yes
189,Soybean,Seedling,34.03,30.4,42.65,44.26,5.72,20.09,13.4,No
190,Rice,Vegetative,68.5,25.64,81.67,27.13,8.32,25.1,55.88,Yes
191,Cotton,Maturation,40.0,16.22,38.91,26.64,6.92,19.14,27.98,Yes
192,Soybean,Flowering,19.75,41.75,78.06,23.94,6.51,26.57,65.58,Yes
193,Potato,Flowering,38.49,15.45,51.53,8.77,6.75,16.15,62.24,Yes
194,Wheat,Maturation,25.93,32.7,93.18,46.28,6.18,11.03,12.06,No
195,Potato,Vegetative,41.45,34.47,80.35,30.42,7.96,14.84,35.55,Yes
196,Cotton,Seedling,36.46,26.31,56.84,16.31,7.01,22.23,27.73,Yes
197,Potato,Seedling,52.35,29.0,66.46,79.85,6.94,17.54,0,No
198,Soybean,Flowering,50.55,38.43,74.25,64.29,6.29,19.68,32.35,Yes
199,Cotton,Flowering,43.49,21.07,93.24,23.81,6.37,14.15,58.34,Yes
200,Soybean,Flowering,27.27,30.48,65.31,71.66,6.68,16.9,31.33,Yes
201,Maize,Flowering,12.52,40.79,35.14,73.92,7.47,24.95,59.16,Yes
202,Sugarcane,Flowering,18.24,31.62,68.14,19.4,7.51,20.62,115.06,Yes
203,Cotton,Seedling,16.01,23.92,60.71,54.5,5.91,29.29,18.12,No
204,Potato,Maturation,49.03,35.41,48.67,22.83,5.68,25.37,34.76,Yes
205,Cotton,Seedling,64.79,19.73,87.35,14.06,8.26,29.94,6.94,No
206,Sugarcane,Seedling,10.56,30.33,36.97,78.64,6.35,29.78,29.29,Yes
207,Potato,Vegetative,61.06,27.64,42.53,9.01,5.99,19.18,42.72,Yes
208,Soybean,Flowering,44.07,35.45,41.41,68.49,8.19,26.54,38.2,Yes
209,Soybean,Seedling,34.05,17.58,93.81,38.2,8.31,10.14,0,No
210,Sugarcane,Flowering,28.12,34.52,30.74,52.29,7.58,11.24,99.29,Yes
211,Rice,Maturation,28.41,25.95,62.66,71.61,7.61,16.22,42.13,Yes
212,Sugarcane,Flowering,46.88,20.92,38.68,12.25,7.74,22.11,102.05,Yes
213,Tomato,Maturation,55.44,36.65,83.66,60.95,7.54,21.92,13.97,No
214,Soybean,Seedling,65.03,18.03,83.87,72.23,6.11,20.73,0,No
215,Maize,Flowering,61.27,26.93,74.22,57.35,6.97,27.98,28.77,Yes
216,Maize,Maturation,37.41,16.56,60.05,64.55,7.67,17.92,2.34,No
217,Wheat,Vegetative,44.7,16.22,52.39,5.1,8.48,28.69,37.03,Yes
218,Wheat,Flowering,34.53,35.76,79.78,78.27,7.44,18.41,26.13,Yes
219,Tomato,Maturation,62.18,39.48,54.42,54.62,7.49,20.79,18.66,No
220,Maize,Maturation,41.73,34.65,44.47,0.28,5.57,15.97,46.94,Yes
221,Tomato,Maturation,59.4,21.68,52.5,22.05,8.31,24.5,27.83,Yes
222,Tomato,Seedling,24.44,16.82,68.61,35.72,7.52,27.44,16.09,No
223,Cotton,Seedling,34.14,21.33,44.12,69.1,5.67,20.08,0.89,No
224,Soybean,Flowering,24.21,38.66,94.07,41.7,6.74,15.5,57.63,Yes
225,Maize,Maturation,43.35,16.27,52.39,51.47,6.64,20.49,6.07,No
226,Sugarcane,Maturation,21.03,29.52,45.66,18.03,8.07,12.89,65.44,Yes
227,Potato,Seedling,43.74,41.13,66.22,10.73,6.23,14.07,30.01,Yes
228,Soybean,Seedling,42.14,37.39,33.35,30.17,7.31,10.79,18.57,No
229,Rice,Vegetative,58.28,30.86,73.64,17.36,6.13,28.14,70.5,Yes
230,Cotton,Vegetative,67.72,18.17,94.97,38.31,6.23,22.09,26.25,Yes
231,Cotton,Maturation,64.91,29.91,80.41,30.45,7.1,17.19,23.42,No
232,Potato,Maturation,15.92,41.5,60.52,67.18,8.24,17.41,32.75,Yes
233,Tomato,Seedling,43.75,20.97,39.48,20.86,8.3,21.58,18.42,No
234,Soybean,Vegetative,32.79,37.5,62.45,52.37,7.55,15.15,33.19,Yes
235,Potato,Maturation,37.65,34.78,52.89,11.2,7.14,13.68,51.25,Yes
236,Wheat,Seedling,60.34,17.01,83.17,3.88,5.52,12.75,0,No
237,Cotton,Seedling,52.43,15.25,62.87,29.86,7.35,23.34,4.3,No
238,Potato,Seedling,10.4,29.89,30.77,42.35,6.32,29.55,25.66,Yes
239,Wheat,Maturation,58.37,39.56,36.96,7.71,5.95,13.84,30.46,Yes
240,Sugarcane,Maturation,14.74,40.9,59.83,19.46,7.59,16.0,76.21,Yes
241,Rice,Seedling,15.61,25.24,65.93,4.49,5.53,13.43,53.61,Yes
242,Soybean,Seedling,63.69,39.82,44.93,72.1,7.58,21.34,0,No
243,Sugarcane,Seedling,65.45,33.48,48.22,43.44,7.47,13.59,23.97,No
244,Cotton,Vegetative,55.14,34.24,55.89,6.15,5.99,14.81,59.45,Yes
245,Tomato,Flowering,33.03,34.97,81.38,55.14,5.74,24.91,53.22,Yes
246,Cotton,Seedling,30.44,35.76,92.07,31.74,7.82,10.59,27.87,Yes
247,Sugarcane,Maturation,39.44,24.61,91.17,34.55,7.54,23.21,45.54,Yes
248,Cotton,Seedling,14.92,19.16,76.26,50.71,7.72,16.33,14.7,No
249,Rice,Seedling,10.31,23.32,53.39,21.58,5.9,13.75,47.11,Yes
250,Tomato,Seedling,11.58,24.56,36.05,47.84,6.47,17.7,23.89,No
251,Sugarcane,Maturation,33.27,17.29,88.57,72.42,8.43,21.44,21.45,No
252,Maize,Flowering,28.07,28.31,34.11,34.77,6.76,19.68,63.99,Yes
253,Rice,Flowering,25.1,21.66,70.63,47.5,6.09,12.14,88.48,Yes
254,Soybean,Maturation,58.24,23.9,51.76,65.24,8.08,29.48,3.33,No
255,Maize,Flowering,29.24,40.58,43.06,25.13,8.39,29.37,73.05,Yes
256,Potato,Vegetative,29.55,22.57,81.08,29.2,8.3,14.0,39.94,Yes
257,Maize,Seedling,67.18,27.46,76.04,35.08,6.37,23.86,2.39,No
258,Tomato,Maturation,18.35,23.18,46.42,12.33,6.77,17.54,42.22,Yes
259,Potato,Maturation,44.93,29.43,90.03,69.57,6.75,10.74,6.86,No
260,Rice,Seedling,56.14,32.76,53.08,51.76,5.63,29.67,23.99,No
261,Tomato,Flowering,67.94,26.62,30.69,20.7,7.03,20.38,54.73,Yes
262,Potato,Flowering,33.47,35.85,68.26,40.04,6.53,10.49,55.63,Yes
263,Rice,Flowering,34.96,40.97,37.54,75.25,5.93,16.24,91.57,Yes
264,Potato,Flowering,38.57,26.83,75.29,25.51,6.4,26.2,55.05,Yes
265,Rice,Seedling,60.95,32.5,74.01,13.15,8.45,14.88,39.75,Yes
266,Tomato,Maturation,23.91,25.94,41.99,51.24,6.8,10.58,29.85,Yes
267,Cotton,Maturation,45.53,25.5,75.81,16.46,7.76,26.17,36.87,Yes
268,Maize,Flowering,29.56,27.35,47.05,69.01,7.08,22.78,41.53,Yes
269,Tomato,Maturation,45.22,24.39,84.96,49.39,7.94,24.12,11.77,No
270,Rice,Vegetative,28.79,21.44,37.6,29.86,5.92,17.77,80.03,Yes
271,Maize,Maturation,35.38,28.14,64.93,73.53,8.29,13.46,8.09,No
272,Maize,Flowering,60.52,31.72,86.26,76.15,6.95,13.9,24.8,No
273,Tomato,Maturation,34.55,28.28,76.16,35.51,6.0,21.31,29.23,Yes
274,Wheat,Flowering,23.49,22.79,80.75,45.25,7.82,19.91,31.57,Yes
275,Rice,Seedling,26.07,29.66,94.41,43.36,7.77,25.2,30.49,Yes
276,Tomato,Seedling,54.16,32.65,46.09,69.98,5.6,15.26,0.31,No
277,Rice,Maturation,61.92,18.17,82.77,16.79,7.71,23.78,44.6,Yes
278,Tomato,Vegetative,46.97,36.19,82.88,64.44,7.21,20.65,23.36,No
279,Maize,Flowering,68.74,22.9,67.23,76.19,7.04,28.0,15.79,No
280,Tomato,Seedling,69.55,38.41,38.25,69.29,6.25,24.23,0,No
281,Cotton,Maturation,39.37,30.59,47.47,33.14,6.86,22.67,39.0,Yes
282,Sugarcane,Flowering,37.28,28.18,67.83,69.51,8.04,11.86,73.3,Yes
283,Potato,Flowering,61.01,36.48,55.85,77.45,7.97,19.89,29.09,Yes
284,Maize,Maturation,57.3,39.14,79.55,3.68,7.38,26.73,41.82,Yes
285,Wheat,Seedling,65.77,19.27,59.67,79.35,6.78,29.91,0,No
286,Sugarcane,Vegetative,62.47,38.67,36.07,28.83,5.75,23.29,68.78,Yes
287,Maize,Seedling,33.78,23.25,75.46,18.73,7.47,24.07,21.82,No
288,Maize,Vegetative,41.17,27.02,30.52,27.49,5.86,27.21,42.85,Yes
289,Maize,Maturation,14.25,25.34,77.5,8.19,6.44,27.62,47.22,Yes
290,Maize,Vegetative,14.1,30.21,69.67,13.13,6.55,14.26,61.44,Yes
291,Maize,Maturation,46.96,26.94,44.12,71.73,5.92,12.46,4.94,No
292,Tomato,Flowering,57.46,21.69,71.9,19.85,7.3,24.42,49.89,Yes
293,Sugarcane,Seedling,60.87,32.78,49.61,41.42,7.03,24.96,25.44,Yes
294,Cotton,Maturation,33.15,21.51,71.48,5.68,8.17,10.24,44.35,Yes
295,Soybean,Flowering,17.92,38.24,66.94,29.23,7.55,25.25,69.7,Yes
296,Wheat,Seedling,10.83,20.83,89.97,75.89,6.69,15.73,0,No
297,Tomato,Maturation,52.11,17.23,64.88,49.28,6.33,16.2,5.55,No
298,Maize,Flowering,33.44,32.13,84.24,54.48,5.7,23.97,44.81,Yes
299,Cotton,Seedling,24.67,39.96,37.54,48.98,5.67,23.32,30.96,Yes
300,Wheat,Vegetative,52.09,19.42,91.95,41.84,7.85,24.42,4.43,No
301,Maize,Flowering,17.62,36.09,47.47,70.91,7.81,10.59,52.59,Yes
302,Rice,Flowering,52.74,30.57,35.01,36.42,6.58,19.99,95.66,Yes
303,Maize,Flowering,19.44,35.88,88.13,53.93,5.85,24.82,59.18,Yes
304,Wheat,Vegetative,12.76,24.83,89.81,14.32,8.38,10.71,40.22,Yes
305,Tomato,Vegetative,29.31,26.24,76.82,21.7,5.73,17.46,41.43,Yes
306,Maize,Vegetative,58.26,41.5,92.02,5.51,6.9,15.65,49.26,Yes
307,Sugarcane,Flowering,15.18,27.33,53.98,23.33,7.85,24.79,107.66,Yes
308,Potato,Vegetative,53.95,29.76,81.74,12.05,8.3,10.48,42.81,Yes
309,Soybean,Seedling,67.06,15.04,72.72,67.92,7.68,12.08,0,No
310,Potato,Seedling,68.35,18.84,48.19,3.51,6.19,26.91,12.34,No
311,Tomato,Flowering,37.51,35.19,67.75,40.43,7.41,17.89,60.87,Yes
312,Maize,Vegetative,27.5,37.97,90.19,31.44,8.0,16.53,45.54,Yes
313,Potato,Flowering,24.02,40.48,38.85,61.61,5.83,12.11,56.17,Yes
314,Rice,Flowering,67.88,20.61,50.04,21.2,5.86,13.15,90.04,Yes
315,Sugarcane,Seedling,22.9,38.13,39.64,56.89,8.41,17.92,41.36,Yes
316,Maize,Seedling,67.13,38.07,66.14,44.01,5.78,12.04,6.44,No
317,Maize,Seedling,10.72,37.42,93.87,10.46,7.97,17.44,37.39,Yes
318,Sugarcane,Seedling,11.31,16.74,88.66,35.47,5.89,28.1,26.68,Yes
319,Soybean,Seedling,12.56,27.45,40.92,45.91,7.97,17.9,23.31,No
320,Maize,Flowering,22.88,20.05,48.19,70.67,5.6,22.38,37.66,Yes
321,Cotton,Flowering,39.93,38.84,61.14,7.02,6.65,18.38,84.57,Yes
322,Cotton,Seedling,69.36,36.11,53.34,43.56,6.95,28.25,7.18,No
323,Soybean,Maturation,26.23,15.7,68.81,2.34,7.93,15.62,32.8,Yes
324,Soybean,Vegetative,68.44,17.7,72.7,21.32,7.95,28.35,13.06,No
325,Wheat,Vegetative,44.54,41.53,55.25,74.82,8.47,13.47,15.93,No
326,Soybean,Seedling,52.21,24.5,66.9,11.37,8.35,26.73,16.61,No
327,Potato,Flowering,20.53,16.03,33.65,48.13,5.56,19.56,45.97,Yes
328,Maize,Flowering,53.02,39.81,84.88,25.89,5.57,21.73,61.07,Yes
329,Maize,Seedling,60.79,38.24,92.44,29.89,8.33,17.91,13.51,No
330,Maize,Vegetative,53.94,26.8,71.55,38.98,6.45,24.14,27.15,Yes
331,Soybean,Vegetative,49.93,36.99,54.59,58.72,6.38,13.55,27.74,Yes
332,Tomato,Seedling,20.92,23.59,82.57,48.91,7.42,12.08,10.72,No
333,Potato,Vegetative,29.87,17.1,52.54,25.56,7.41,29.26,39.02,Yes
334,Soybean,Maturation,10.68,20.66,75.06,28.04,7.86,24.41,23.95,No
335,Wheat,Maturation,36.29,26.33,40.81,33.12,8.15,17.02,16.87,No
336,Cotton,Vegetative,37.08,36.58,32.17,1.61,6.28,12.09,78.78,Yes
337,Soybean,Vegetative,63.28,19.34,34.88,75.35,8.43,16.76,4.57,No
338,Wheat,Maturation,66.55,19.45,87.83,12.57,5.8,14.11,5.89,No
339,Cotton,Maturation,51.83,34.5,77.45,21.22,6.34,14.75,41.36,Yes
340,Potato,Vegetative,13.27,15.1,35.7,65.91,7.38,19.61,25.66,Yes
341,Rice,Seedling,22.42,32.23,93.51,37.89,5.85,25.7,32.58,Yes
342,Sugarcane,Seedling,48.51,25.46,54.12,30.52,6.06,10.89,30.74,Yes
343,Potato,Maturation,25.8,37.6,66.68,12.09,7.59,11.93,46.03,Yes
344,Tomato,Vegetative,43.22,37.7,83.2,33.49,7.11,27.34,39.9,Yes
345,Potato,Vegetative,38.58,17.13,88.68,57.14,7.01,28.01,13.81,No
346,Maize,Seedling,66.96,27.12,91.69,13.37,6.14,13.85,4.18,No
347,Wheat,Maturation,14.7,33.44,43.12,65.81,5.94,21.9,16.45,No
348,Rice,Seedling,33.29,25.73,51.2,22.1,6.87,27.47,47.92,Yes
349,Tomato,Seedling,34.87,19.0,68.22,60.67,8.32,28.5,0,No
350,Sugarcane,Flowering,62.67,22.13,72.56,45.76,6.92,13.44,69.84,Yes
351,Tomato,Vegetative,47.09,33.38,56.11,31.66,8.14,23.81,47.87,Yes
352,Sugarcane,Flowering,11.21,37.07,49.7,22.43,6.97,23.92,119.04,Yes
353,Rice,Vegetative,18.06,41.3,58.8,66.07,6.31,18.34,73.78,Yes
354,Cotton,Maturation,54.46,35.51,86.37,65.68,7.05,13.18,12.29,No
355,Sugarcane,Maturation,18.14,37.98,87.16,2.32,6.08,26.66,79.08,Yes
356,Potato,Seedling,65.08,34.03,47.81,65.88,7.02,22.71,0,No
357,Rice,Seedling,24.52,28.2,59.0,76.84,6.92,21.03,17.29,No
358,Sugarcane,Seedling,27.1,25.44,40.59,45.78,8.39,27.14,37.28,Yes
359,Cotton,Vegetative,26.15,26.06,31.3,62.42,7.8,10.18,44.16,Yes
360,Wheat,Vegetative,25.14,36.74,49.85,77.36,7.43,18.48,16.89,No
361,Tomato,Flowering,37.54,20.89,49.64,41.65,7.37,21.69,64.01,Yes
362,Soybean,Flowering,27.91,17.92,34.15,79.07,7.42,27.23,25.05,Yes
363,Sugarcane,Flowering,21.3,28.97,45.62,4.54,8.07,26.2,114.87,Yes
364,Maize,Seedling,49.32,41.93,46.86,33.49,6.66,10.71,25.53,Yes
365,Cotton,Flowering,53.59,21.0,64.75,62.79,8.22,23.44,33.97,Yes
366,Maize,Flowering,15.86,18.45,46.81,64.67,7.79,13.66,41.29,Yes
367,Soybean,Seedling,23.34,21.03,86.64,33.64,8.16,17.43,5.8,No
368,Rice,Maturation,13.22,32.13,67.72,49.65,6.92,13.89,56.72,Yes
369,Rice,Maturation,41.79,26.15,86.61,12.06,8.48,16.85,64.5,Yes
370,Potato,Vegetative,28.98,34.32,80.63,39.01,7.39,13.54,39.75,Yes
371,Wheat,Seedling,37.12,20.65,80.28,46.1,5.98,25.7,0,No
372,Tomato,Maturation,34.2,41.06,54.92,3.02,6.1,17.46,56.87,Yes
373,Wheat,Flowering,55.41,29.34,31.16,0.33,7.7,14.53,57.83,Yes
374,Rice,Maturation,40.2,23.27,34.24,3.66,8.35,19.12,66.76,Yes
375,Soybean,Maturation,63.28,41.88,52.28,72.11,6.58,13.77,11.65,No
376,Tomato,Seedling,23.71,34.63,38.53,58.73,7.27,13.38,17.92,No
377,Soybean,Seedling,32.51,32.29,80.13,49.85,7.28,10.96,11.32,No
378,Wheat,Seedling,35.01,25.27,65.57,37.95,5.96,23.9,8.99,No
379,Wheat,Flowering,35.25,17.73,63.82,49.82,7.6,18.38,27.99,Yes
380,Rice,Flowering,16.84,17.87,42.91,15.98,6.29,20.46,109.0,Yes
381,Cotton,Flowering,52.21,22.97,32.56,39.71,6.12,28.66,58.15,Yes
382,Rice,Seedling,60.11,33.06,39.69,7.21,7.04,24.47,48.04,Yes
383,Rice,Flowering,48.66,27.33,93.52,21.13,5.65,26.26,99.93,Yes
384,Soybean,Flowering,35.56,18.13,85.33,71.22,5.53,12.77,13.7,No
385,Maize,Flowering,31.45,26.82,70.42,70.28,5.78,26.3,36.92,Yes
386,Potato,Flowering,60.14,33.63,61.09,33.74,8.16,13.34,52.08,Yes
387,Maize,Seedling,68.89,37.8,36.74,72.9,6.95,21.38,0,No
388,Soybean,Seedling,61.75,38.76,77.27,71.34,6.95,19.76,0,No
389,Tomato,Maturation,12.76,22.06,50.43,56.37,7.53,25.35,22.36,No
390,Soybean,Seedling,35.97,34.62,61.33,53.1,7.42,12.97,6.77,No
391,Wheat,Seedling,48.6,19.24,85.17,68.15,8.11,11.5,0,No
392,Sugarcane,Seedling,40.42,29.86,54.61,65.37,5.74,18.88,18.96,No
393,Potato,Seedling,61.4,27.07,37.72,39.79,7.46,12.05,2.28,No
394,Wheat,Seedling,57.51,41.01,71.44,71.21,7.19,23.09,0,No
395,Potato,Flowering,31.8,16.47,44.49,36.36,7.18,22.4,43.78,Yes
396,Potato,Seedling,15.85,32.79,30.14,28.41,7.4,26.0,35.9,Yes
397,Soybean,Seedling,12.75,19.43,39.13,57.35,7.66,12.14,5.42,No
398,Tomato,Vegetative,37.42,36.1,76.59,8.62,6.74,28.53,57.87,Yes
399,Rice,Maturation,37.44,30.91,62.77,77.11,5.51,24.72,31.76,Yes
400,Potato,Vegetative,51.51,19.69,82.99,8.28,7.47,22.12,33.51,Yes
401,Soybean,Maturation,35.12,31.44,75.01,19.86,6.69,16.86,29.44,Yes
402,Maize,Maturation,46.15,38.93,63.3,67.45,7.14,16.28,19.68,No
403,Cotton,Vegetative,22.58,34.29,74.63,73.7,5.9,24.21,38.21,Yes
404,Soybean,Seedling,55.65,30.18,67.88,75.41,7.63,23.48,0,No
405,Sugarcane,Maturation,58.5,29.11,31.64,11.63,7.51,14.0,58.33,Yes
406,Sugarcane,Flowering,18.79,16.67,80.98,16.32,7.12,17.17,95.24,Yes
407,Potato,Seedling,46.97,33.24,66.52,17.94,7.44,17.78,17.51,No
408,Sugarcane,Seedling,65.59,25.46,92.19,78.07,6.44,21.04,0,No
409,Wheat,Flowering,22.19,38.46,85.93,35.45,6.18,22.68,50.06,Yes
410,Cotton,Vegetative,27.65,19.79,74.37,14.96,6.02,20.28,49.36,Yes
411,Tomato,Seedling,35.71,30.03,38.45,46.72,6.27,16.61,17.18,No
412,Maize,Flowering,45.81,35.89,70.65,67.45,6.4,25.8,36.88,Yes
413,Soybean,Seedling,57.04,23.58,44.3,14.71,5.7,20.1,9.83,No
414,Rice,Flowering,23.27,20.76,51.57,28.86,6.16,25.05,105.01,Yes
415,Potato,Seedling,16.88,24.34,45.62,51.38,8.26,14.88,20.24,No
416,Tomato,Seedling,33.15,29.59,48.38,72.91,7.97,17.5,5.25,No
417,Potato,Maturation,12.63,39.25,42.51,41.11,8.34,13.35,48.0,Yes
418,Wheat,Seedling,22.65,32.0,43.86,54.83,8.01,14.11,9.53,No
419,Tomato,Seedling,54.81,19.15,59.85,26.54,5.76,11.09,9.2,No
420,Cotton,Flowering,34.46,27.18,56.29,25.31,6.67,12.37,68.67,Yes
421,Wheat,Seedling,55.36,30.81,75.56,5.81,8.28,12.12,16.85,No
422,Rice,Flowering,55.92,26.82,55.68,52.86,6.92,20.67,79.83,Yes
423,Maize,Maturation,57.81,37.94,49.17,50.72,6.39,27.74,25.38,Yes
424,Soybean,Seedling,43.21,29.99,38.01,0.4,7.29,20.74,30.51,Yes
425,Rice,Flowering,22.6,35.02,77.19,16.94,8.22,27.03,118.12,Yes
426,Sugarcane,Vegetative,16.88,33.12,66.87,4.35,7.75,29.8,95.03,Yes
427,Potato,Seedling,27.44,16.82,36.38,58.05,6.96,16.62,5.03,No
428,Rice,Flowering,47.17,39.3,50.66,36.05,7.35,16.11,108.11,Yes
429,Maize,Flowering,58.46,40.88,40.96,25.06,7.86,24.24,61.62,Yes
430,Soybean,Vegetative,50.77,23.95,61.2,35.63,7.82,19.74,20.99,No
431,Rice,Vegetative,48.73,17.21,48.24,66.12,8.17,13.93,44.55,Yes
432,Rice,Seedling,60.98,32.05,82.82,46.31,7.81,14.26,16.48,No
433,Wheat,Flowering,42.61,41.97,60.69,62.02,6.6,14.47,36.59,Yes
434,Sugarcane,Vegetative,37.88,28.78,55.79,40.17,7.49,26.96,60.59,Yes
435,Maize,Vegetative,36.77,19.84,91.67,52.75,8.4,24.72,14.23,No
436,Cotton,Maturation,23.9,22.14,45.21,53.49,7.05,25.83,27.92,Yes
437,Tomato,Maturation,65.07,38.8,32.59,51.88,5.81,29.37,21.58,No
438,Sugarcane,Vegetative,32.6,25.22,68.2,71.86,5.73,15.03,45.19,Yes
439,Cotton,Maturation,31.17,38.43,61.65,38.57,7.31,20.04,43.9,Yes
440,Rice,Flowering,22.69,20.05,53.54,57.38,5.85,14.61,89.63,Yes
441,Soybean,Seedling,38.89,27.93,43.7,12.9,8.0,10.45,28.56,Yes
442,Maize,Vegetative,47.77,16.06,67.2,4.47,6.27,13.6,38.47,Yes
443,Tomato,Seedling,62.71,34.66,83.38,75.78,6.15,22.13,0,No
444,Cotton,Maturation,46.05,36.45,83.33,14.55,7.48,15.29,44.58,Yes
445,Soybean,Maturation,45.79,16.86,54.58,10.58,5.55,20.45,26.53,Yes
446,Maize,Seedling,20.65,39.34,68.99,70.22,7.09,25.05,9.3,No
447,Rice,Maturation,49.56,39.35,65.05,0.1,8.31,23.57,72.0,Yes
448,Wheat,Maturation,23.77,36.66,81.32,30.5,7.27,24.83,30.68,Yes
449,Rice,Maturation,18.03,27.88,45.11,68.72,6.35,27.54,45.33,Yes
450,Wheat,Seedling,41.19,25.13,43.35,64.34,6.73,12.13,0,No
451,Tomato,Flowering,25.68,29.47,66.7,48.95,8.48,17.95,58.91,Yes
452,Potato,Vegetative,32.21,29.98,46.5,24.53,6.53,24.11,51.5,Yes
453,Maize,Seedling,54.87,27.06,75.46,12.94,6.14,18.01,13.91,No
454,Wheat,Vegetative,33.35,32.17,82.28,65.86,6.92,22.0,16.35,No
455,Rice,Seedling,25.79,25.01,69.59,57.96,8.29,18.01,23.9,No
456,Wheat,Vegetative,48.42,26.85,43.11,52.55,7.91,15.72,13.32,No
457,Wheat,Vegetative,46.91,33.2,53.38,52.4,8.43,11.74,19.1,No
458,Tomato,Maturation,45.16,28.98,77.9,5.49,5.77,15.69,42.68,Yes
459,Soybean,Flowering,67.8,22.47,69.41,15.56,8.29,21.5,38.45,Yes
460,Rice,Seedling,40.19,24.18,37.61,41.06,6.27,20.76,35.16,Yes
461,Sugarcane,Maturation,67.96,30.21,80.05,60.6,8.38,19.18,19.81,No
462,Wheat,Maturation,16.98,16.82,71.19,79.54,7.53,14.6,0,No
463,Soybean,Maturation,67.33,28.95,30.63,66.57,6.24,11.86,0,No
464,Rice,Vegetative,38.59,24.55,88.13,21.53,8.34,23.66,66.28,Yes
465,Cotton,Maturation,54.23,21.34,45.73,21.23,6.19,26.7,32.36,Yes
466,Rice,Seedling,65.21,33.25,73.12,49.11,7.79,20.83,17.58,No
467,Wheat,Maturation,32.27,23.52,88.38,70.48,7.22,15.49,0,No
468,Sugarcane,Maturation,23.33,30.57,33.52,63.94,6.93,20.82,51.78,Yes
469,Soybean,Maturation,61.62,35.95,59.72,9.63,7.05,16.31,35.83,Yes
470,Tomato,Seedling,29.53,31.55,46.88,43.89,6.21,19.43,21.69,No
471,Soybean,Flowering,21.03,26.45,57.24,60.18,6.6,18.01,36.35,Yes
472,Cotton,Seedling,53.25,36.71,66.1,68.5,6.09,26.0,5.09,No
473,Maize,Maturation,58.34,19.77,62.47,79.64,8.05,20.34,0,No
474,Sugarcane,Flowering,43.73,30.33,55.9,55.24,5.68,26.28,77.09,Yes
475,Potato,Seedling,36.99,24.04,53.46,44.83,8.3,15.15,9.52,No
476,Cotton,Vegetative,68.76,22.68,51.13,40.84,7.82,18.94,28.74,Yes
477,Rice,Maturation,46.82,27.52,92.18,69.46,7.42,28.57,24.09,No
478,Tomato,Seedling,14.75,24.28,50.38,52.24,7.63,22.11,18.8,No
479,Tomato,Flowering,63.26,36.09,91.02,59.83,7.06,19.01,41.92,Yes
480,Maize,Vegetative,49.72,40.39,75.55,6.41,6.0,12.06,59.0,Yes
481,Rice,Maturation,42.91,15.71,55.81,61.2,5.75,15.25,31.89,Yes
482,Tomato,Flowering,23.76,34.92,58.81,10.11,7.08,13.41,87.18,Yes
483,Wheat,Flowering,61.62,23.78,60.95,78.0,7.12,15.45,0,No
484,Maize,Maturation,47.86,32.17,66.66,41.88,7.42,16.19,23.35,No
485,Soybean,Maturation,42.38,36.73,58.72,29.26,6.28,16.07,35.51,Yes
486,Maize,Flowering,27.21,29.45,74.71,39.35,7.77,15.99,54.3,Yes
487,Tomato,Flowering,45.82,36.51,65.63,15.09,8.15,18.74,72.49,Yes
488,Tomato,Maturation,23.24,17.14,70.65,41.33,7.9,22.26,26.91,Yes
489,Sugarcane,Flowering,48.91,29.36,47.47,15.04,5.71,12.73,103.33,Yes
490,Potato,Flowering,52.03,28.28,50.84,12.17,8.41,10.44,62.71,Yes
491,Rice,Flowering,26.15,34.31,77.26,18.62,5.95,19.87,112.67,Yes
492,Potato,Flowering,37.82,36.37,51.47,67.48,8.35,11.12,47.18,Yes
493,Tomato,Seedling,42.59,19.9,88.22,20.01,6.64,10.25,17.34,No
494,Tomato,Maturation,24.83,41.85,42.95,58.83,5.78,23.32,35.94,Yes
495,Cotton,Maturation,33.35,40.95,90.85,12.69,7.68,24.89,50.99,Yes
496,Potato,Flowering,21.92,38.96,86.14,17.42,5.84,22.66,72.8,Yes
497,Soybean,Seedling,20.04,22.45,37.78,63.13,5.53,10.84,4.42,No
498,Maize,Flowering,56.25,21.72,62.49,54.88,6.52,29.39,27.23,Yes
499,Wheat,Seedling,31.33,19.16,64.86,8.59,6.96,16.33,12.74,No
500,Soybean,Maturation,53.99,15.58,54.55,57.95,6.25,10.79,0,No
501,Potato,Flowering,42.56,28.23,66.84,43.49,6.47,19.37,49.02,Yes
502,Maize,Seedling,41.87,27.13,83.26,43.33,6.86,25.52,1.81,No
503,Tomato,Vegetative,62.98,31.73,53.66,49.62,6.46,11.27,33.76,Yes
504,Cotton,Maturation,55.94,19.16,48.4,32.78,6.47,11.93,21.17,No
505,Rice,Seedling,60.11,18.5,86.78,16.17,6.96,11.98,19.51,No
506,Potato,Flowering,12.95,20.96,76.66,1.05,8.26,23.11,69.6,Yes
507,Rice,Maturation,58.06,16.64,66.27,75.06,6.75,17.38,14.17,No
508,Sugarcane,Seedling,54.06,37.53,35.07,17.27,7.06,12.02,41.11,Yes
509,Cotton,Maturation,21.37,29.21,46.17,50.03,6.04,24.98,34.66,Yes
510,Soybean,Maturation,52.15,26.53,36.77,63.4,7.15,20.09,4.87,No
511,Maize,Maturation,66.01,39.37,65.76,79.75,8.03,18.25,0,No
512,Soybean,Vegetative,43.79,20.78,79.77,74.09,6.26,29.23,0,No
513,Potato,Maturation,10.01,15.94,48.49,1.3,5.91,27.81,54.47,Yes
514,Cotton,Flowering,11.3,37.19,74.83,22.08,7.16,21.13,88.82,Yes
515,Maize,Seedling,12.26,24.6,39.0,29.37,7.25,14.66,28.73,Yes
516,Tomato,Vegetative,54.06,34.54,81.54,13.83,7.98,23.79,46.64,Yes
517,Rice,Flowering,12.24,36.83,54.8,62.41,8.27,16.69,105.47,Yes
518,Rice,Vegetative,54.86,37.94,90.36,50.71,7.4,11.08,58.3,Yes
519,Wheat,Flowering,42.4,19.04,62.66,17.66,5.65,24.63,37.0,Yes
520,Rice,Vegetative,35.92,36.23,39.62,26.89,6.93,24.91,88.26,Yes
521,Tomato,Flowering,15.1,28.55,80.3,10.43,5.9,21.19,74.19,Yes
522,Cotton,Vegetative,24.54,22.19,57.95,54.78,7.23,12.25,38.19,Yes
523,Tomato,Maturation,31.92,20.14,52.39,52.43,7.81,13.39,15.0,No
524,Potato,Vegetative,36.43,39.95,45.18,54.83,5.97,24.57,43.71,Yes
525,Rice,Seedling,54.37,21.56,70.37,11.81,8.0,15.75,31.04,Yes
526,Sugarcane,Maturation,38.27,23.96,78.1,16.95,7.14,25.01,57.18,Yes
527,Potato,Vegetative,51.7,33.04,54.48,72.48,7.08,15.11,19.21,No
528,Sugarcane,Seedling,37.9,40.52,34.33,52.83,7.49,28.26,38.43,Yes
529,Soybean,Seedling,11.14,38.42,72.21,18.49,6.64,29.53,39.32,Yes
530,Rice,Vegetative,21.93,41.1,66.44,57.0,5.62,28.45,78.17,Yes
531,Sugarcane,Flowering,39.4,35.1,31.19,54.74,6.57,16.05,100.09,Yes
532,Sugarcane,Seedling,47.55,38.72,87.88,65.19,5.59,21.1,17.97,No
533,Sugarcane,Vegetative,19.1,39.22,72.7,7.02,6.65,29.21,92.12,Yes
534,Cotton,Maturation,24.42,19.12,93.08,72.78,6.49,20.84,5.45,No
535,Cotton,Vegetative,44.86,33.47,43.15,11.05,7.57,27.97,65.52,Yes
536,Maize,Vegetative,29.05,30.05,91.66,9.47,6.45,27.59,48.22,Yes
537,Wheat,Flowering,62.81,26.18,56.73,35.44,8.3,27.88,31.28,Yes
538,Cotton,Seedling,17.89,15.71,94.09,49.36,7.32,22.25,5.64,No
539,Cotton,Vegetative,51.24,24.7,74.73,38.13,7.01,22.09,34.3,Yes
540,Tomato,Maturation,38.43,19.42,44.71,32.69,8.41,28.51,23.29,No
541,Tomato,Vegetative,54.54,41.68,79.26,5.29,8.28,29.71,60.33,Yes
542,Soybean,Maturation,63.26,26.54,80.45,48.63,7.97,24.4,0,No
543,Tomato,Seedling,41.24,27.19,83.76,3.39,8.49,20.37,24.12,No
544,Tomato,Seedling,21.39,26.87,87.49,61.89,6.36,13.33,8.85,No
545,Sugarcane,Seedling,51.4,39.4,60.13,51.69,5.77,20.01,29.8,Yes
546,Maize,Maturation,34.81,27.17,41.63,47.23,7.64,14.04,26.55,Yes
547,Potato,Seedling,25.0,33.68,88.97,63.72,7.66,12.47,8.21,No
548,Soybean,Seedling,41.43,25.37,81.42,40.93,8.35,17.57,4.2,No
549,Tomato,Seedling,56.1,39.63,66.76,52.76,5.95,27.38,11.92,No
550,Tomato,Flowering,28.57,35.75,59.01,50.12,5.85,12.63,66.53,Yes
551,Cotton,Seedling,47.35,21.83,59.81,68.43,7.13,10.12,0,No
552,Potato,Maturation,34.61,17.14,69.01,19.58,7.14,22.4,23.24,No
553,Cotton,Seedling,21.09,16.49,52.69,11.63,5.6,21.56,28.89,Yes
554,Rice,Seedling,16.53,41.83,40.49,22.75,7.48,24.0,62.78,Yes
555,Maize,Maturation,54.96,24.73,32.33,61.48,6.47,27.95,9.37,No
556,Rice,Flowering,38.25,18.29,85.86,26.34,6.74,14.2,86.71,Yes
557,Cotton,Seedling,16.56,34.7,70.88,78.98,6.95,23.77,19.05,No
558,Sugarcane,Maturation,46.53,23.55,64.15,79.6,6.56,12.59,16.26,No
559,Potato,Maturation,39.55,19.86,69.61,56.69,8.44,10.03,10.44,No
560,Rice,Vegetative,57.97,41.97,56.91,26.7,7.18,22.75,80.13,Yes
561,Wheat,Vegetative,51.4,21.87,34.41,24.02,7.15,25.34,27.8,Yes
562,Tomato,Seedling,59.92,20.24,84.2,73.78,6.94,19.49,0,No
563,Wheat,Vegetative,38.89,31.93,87.98,42.96,6.51,25.68,17.07,No
564,Sugarcane,Flowering,43.31,15.51,67.53,26.54,8.25,25.92,85.73,Yes
565,Rice,Vegetative,26.83,15.84,93.94,50.12,8.03,21.42,50.69,Yes
566,Sugarcane,Flowering,52.59,22.33,35.64,70.16,6.61,26.59,70.48,Yes
567,Sugarcane,Vegetative,41.51,19.73,54.32,2.99,6.11,11.85,70.17,Yes
568,Maize,Vegetative,30.41,28.05,86.8,24.83,6.48,25.39,40.64,Yes
569,Rice,Vegetative,22.31,15.99,55.19,69.18,5.85,16.22,57.6,Yes
570,Rice,Flowering,38.01,16.25,63.84,52.72,6.44,21.55,81.45,Yes
571,Sugarcane,Vegetative,29.25,20.2,47.98,25.53,6.82,12.35,71.92,Yes
572,Wheat,Seedling,22.39,24.46,50.7,11.32,7.61,15.67,27.28,Yes
573,Cotton,Vegetative,14.27,31.56,52.02,35.49,5.89,19.41,59.35,Yes
574,Wheat,Seedling,35.59,19.83,68.75,47.42,8.01,23.99,0,No
575,Soybean,Flowering,29.94,20.35,79.3,64.74,5.74,28.46,26.39,Yes
576,Rice,Maturation,15.84,23.38,71.89,61.32,6.91,28.95,40.05,Yes
577,Maize,Flowering,64.77,25.59,75.47,53.21,7.87,27.65,28.43,Yes
578,Potato,Seedling,31.09,27.45,41.1,61.44,7.31,12.55,6.85,No
579,Rice,Maturation,59.05,36.51,51.18,51.96,7.88,20.65,42.41,Yes
580,Cotton,Vegetative,68.43,25.36,52.15,65.11,7.27,25.69,20.35,No
581,Tomato,Flowering,42.67,21.38,73.07,6.23,8.29,21.48,60.96,Yes
582,Potato,Flowering,43.31,37.19,41.45,76.47,5.71,12.17,40.81,Yes
583,Tomato,Flowering,39.66,32.82,35.88,65.36,8.16,28.07,51.29,Yes
584,Maize,Vegetative,37.18,22.87,70.01,35.77,6.12,27.55,30.99,Yes
585,Sugarcane,Flowering,65.11,40.29,76.66,73.21,8.47,21.65,66.84,Yes
586,Maize,Flowering,13.74,39.33,92.91,0.07,7.18,29.57,82.19,Yes
587,Rice,Flowering,61.94,21.35,75.64,31.54,6.45,17.66,80.42,Yes
588,Maize,Maturation,18.34,30.0,84.82,28.82,6.75,15.77,37.08,Yes
589,Maize,Vegetative,10.7,32.51,39.36,70.79,7.47,29.5,37.5,Yes
590,Tomato,Maturation,63.61,33.78,90.47,49.86,6.86,18.48,13.31,No
591,Potato,Maturation,31.32,20.02,69.3,46.24,8.04,14.73,11.89,No
592,Soybean,Seedling,68.69,30.34,75.82,9.05,6.94,23.81,11.86,No
593,Maize,Flowering,37.9,17.11,87.84,7.08,6.92,24.83,55.48,Yes
594,Sugarcane,Seedling,64.22,29.45,30.7,36.32,8.22,21.48,26.81,Yes
595,Soybean,Maturation,31.17,41.4,49.15,13.4,7.59,21.95,45.83,Yes
596,Sugarcane,Seedling,47.76,30.61,67.24,52.51,6.38,24.75,26.0,Yes
597,Wheat,Flowering,39.09,18.42,35.0,62.7,6.26,22.32,21.64,No
598,Rice,Vegetative,64.61,34.95,72.85,29.58,6.03,25.65,69.68,Yes
599,Cotton,Maturation,20.85,29.24,32.15,78.73,8.4,21.91,26.36,Yes
600,Tomato,Maturation,24.28,26.88,71.44,16.87,7.7,16.9,36.49,Yes
601,Sugarcane,Seedling,13.15,27.53,60.96,38.1,8.34,28.45,41.04,Yes
602,Tomato,Maturation,25.76,29.32,58.26,23.1,7.89,17.64,46.39,Yes
603,Soybean,Seedling,15.84,29.34,53.0,67.54,7.33,23.04,6.08,No
604,Rice,Flowering,49.26,25.56,80.25,59.93,7.7,21.77,79.1,Yes
605,Cotton,Flowering,50.66,41.82,50.36,0.85,5.53,11.36,87.61,Yes
606,Potato,Flowering,23.16,22.65,42.55,1.9,5.78,28.77,75.96,Yes
607,Cotton,Seedling,52.48,18.24,85.67,10.39,7.47,28.0,8.38,No
608,Rice,Vegetative,25.2,27.61,90.85,51.1,8.27,15.53,60.67,Yes
609,Tomato,Flowering,25.44,36.08,48.02,4.99,6.67,29.92,87.71,Yes
610,Maize,Maturation,14.16,41.44,43.04,31.41,7.44,12.17,55.81,Yes
611,Tomato,Vegetative,46.84,17.87,58.7,20.72,5.6,11.41,36.66,Yes
612,Wheat,Maturation,18.93,32.29,90.64,53.17,6.3,24.0,9.93,No
613,Tomato,Seedling,40.92,40.38,61.89,34.88,8.03,25.62,27.04,Yes
614,Wheat,Maturation,67.25,37.09,61.33,45.38,8.31,17.18,4.24,No
615,Sugarcane,Maturation,13.31,41.92,72.06,29.23,8.06,16.8,74.54,Yes
616,Sugarcane,Vegetative,20.6,16.06,54.97,15.28,7.59,27.93,70.46,Yes
617,Soybean,Maturation,15.09,32.09,77.8,11.2,6.08,24.39,40.46,Yes
618,Rice,Flowering,39.98,41.05,82.77,77.33,5.55,16.79,81.85,Yes
619,Soybean,Seedling,34.33,20.72,72.5,41.85,8.32,27.4,0,No
620,Cotton,Seedling,12.21,18.82,72.5,37.7,8.25,10.92,19.32,No
621,Maize,Seedling,20.33,16.35,49.98,63.5,6.87,13.41,0,No
622,Rice,Seedling,39.83,36.58,44.34,64.36,6.78,26.23,26.5,Yes
623,Tomato,Flowering,17.25,33.47,65.48,25.73,8.39,14.26,77.97,Yes
624,Rice,Seedling,26.43,35.45,40.92,29.59,6.0,14.87,52.38,Yes
625,Wheat,Vegetative,16.0,37.88,69.81,62.21,5.55,19.74,30.21,Yes
626,Rice,Flowering,34.97,36.8,80.22,55.39,6.12,22.8,93.8,Yes
627,Potato,Maturation,24.36,19.71,74.96,47.7,7.65,22.24,20.71,No
628,Sugarcane,Flowering,35.13,30.06,42.47,78.93,8.43,22.38,78.61,Yes
629,Cotton,Maturation,56.22,32.8,47.97,15.5,7.89,23.7,45.14,Yes
630,Maize,Vegetative,50.21,16.16,71.92,22.81,6.8,16.69,25.98,Yes
631,Potato,Seedling,16.27,16.42,64.93,12.64,5.59,20.3,26.55,Yes
632,Potato,Flowering,35.14,35.17,88.39,18.41,5.83,14.56,65.06,Yes
633,Cotton,Maturation,62.19,25.14,44.34,37.68,6.95,27.81,26.96,Yes
634,Potato,Vegetative,33.24,18.68,76.79,50.56,8.43,14.04,26.28,Yes
635,Maize,Seedling,51.53,16.61,38.87,68.13,6.88,13.42,0,No
636,Maize,Vegetative,44.69,29.92,44.93,32.94,7.07,27.24,44.06,Yes
637,Cotton,Maturation,60.22,22.54,77.45,58.89,6.24,16.55,0.33,No
638,Maize,Seedling,35.07,16.19,94.43,58.68,7.01,18.51,0,No
639,Tomato,Maturation,58.58,33.81,36.37,39.62,5.75,25.06,26.28,Yes
640,Cotton,Vegetative,31.5,21.45,94.93,1.27,7.51,13.24,52.81,Yes
641,Potato,Seedling,68.59,27.52,39.01,56.25,6.05,27.43,0,No
642,Wheat,Seedling,33.09,33.65,64.51,23.73,7.76,23.96,16.8,No
643,Cotton,Seedling,47.23,24.06,90.6,41.18,8.23,17.28,8.97,No
644,Potato,Seedling,31.93,19.73,66.32,5.36,7.63,14.09,25.32,Yes
645,Soybean,Vegetative,42.38,32.52,77.93,60.18,8.11,24.06,18.39,No
646,Soybean,Flowering,63.88,28.6,57.49,4.36,6.62,19.05,47.45,Yes
647,Rice,Maturation,52.59,33.31,64.64,23.38,7.36,26.0,62.36,Yes
648,Rice,Vegetative,63.51,27.36,35.21,71.84,6.37,29.13,44.45,Yes
649,Rice,Vegetative,26.56,33.82,62.26,70.0,7.06,22.55,60.97,Yes
650,Maize,Maturation,30.8,26.98,71.9,23.32,5.69,27.44,39.46,Yes
651,Cotton,Flowering,34.7,24.26,71.99,26.1,7.28,23.94,68.96,Yes
652,Sugarcane,Vegetative,63.9,23.28,81.3,18.14,6.62,15.76,55.07,Yes
653,Wheat,Vegetative,31.19,27.31,40.81,73.93,7.64,15.7,17.94,No
654,Maize,Vegetative,24.27,16.11,50.58,10.12,6.28,13.69,45.57,Yes
655,Wheat,Flowering,68.68,18.99,59.15,78.04,7.1,12.43,6.18,No
656,Maize,Maturation,65.67,19.21,93.06,43.69,7.02,22.94,0,No
657,Sugarcane,Maturation,63.76,41.18,79.02,79.53,7.5,25.99,23.91,No
658,Soybean,Seedling,53.9,39.3,39.06,44.08,6.42,18.03,6.26,No
659,Cotton,Maturation,31.44,23.81,69.53,15.61,7.08,25.63,41.45,Yes
660,Rice,Maturation,50.62,40.86,93.43,31.55,6.97,22.06,53.68,Yes
661,Wheat,Flowering,33.85,34.33,57.8,30.89,5.54,16.9,48.15,Yes
662,Rice,Vegetative,53.67,26.99,94.52,64.29,6.37,26.11,47.84,Yes
663,Tomato,Maturation,18.37,30.85,35.6,16.62,6.92,27.35,53.79,Yes
664,Tomato,Seedling,10.4,32.25,47.77,13.99,6.89,21.36,44.39,Yes
665,Maize,Vegetative,21.16,25.31,66.0,3.38,7.98,26.69,54.92,Yes
666,Potato,Vegetative,11.61,15.07,47.07,76.48,8.0,19.45,21.73,No
667,Sugarcane,Maturation,20.76,39.48,71.91,2.28,7.79,19.86,84.34,Yes
668,Soybean,Maturation,43.93,38.45,70.82,38.08,7.58,12.39,23.78,No
669,Wheat,Flowering,19.77,16.58,50.78,70.27,5.91,13.27,21.66,No
670,Soybean,Seedling,27.39,29.3,90.86,41.11,7.8,13.66,12.4,No
671,Rice,Vegetative,42.62,38.56,83.74,54.8,6.4,23.71,64.33,Yes
672,Soybean,Vegetative,10.77,28.99,54.25,38.79,6.52,28.22,41.1,Yes
673,Rice,Vegetative,19.27,20.97,42.25,71.76,7.34,26.63,54.2,Yes
674,Rice,Maturation,37.63,17.06,83.22,73.87,6.94,16.23,21.58,No
675,Soybean,Vegetative,59.02,39.02,68.85,61.09,6.53,24.2,23.15,No
676,Cotton,Vegetative,61.41,18.84,44.73,10.03,5.89,11.57,45.77,Yes
677,Rice,Seedling,11.13,28.07,58.03,15.71,5.6,23.2,53.63,Yes
678,Sugarcane,Seedling,13.97,33.02,79.05,62.59,8.26,14.11,27.81,Yes
679,Cotton,Vegetative,50.24,15.79,39.46,59.7,6.33,21.6,19.24,No
680,Cotton,Seedling,15.95,30.61,30.91,17.36,6.07,15.64,49.51,Yes
681,Wheat,Seedling,65.45,39.85,85.33,37.98,7.59,13.7,1.25,No
682,Soybean,Maturation,35.45,28.88,56.49,60.91,6.44,19.32,9.73,No
683,Maize,Maturation,55.74,34.03,66.21,3.25,6.48,12.31,37.52,Yes
684,Sugarcane,Maturation,23.55,26.0,94.02,34.24,8.07,27.9,53.13,Yes
685,Potato,Flowering,20.76,41.97,61.96,8.41,6.81,23.17,85.71,Yes
686,Tomato,Seedling,54.49,39.1,40.97,29.1,6.1,14.01,26.64,Yes
687,Tomato,Seedling,23.97,26.47,62.44,61.19,7.8,21.87,8.84,No
688,Tomato,Flowering,38.55,31.29,56.29,38.76,6.34,25.36,55.4,Yes
689,Rice,Seedling,25.04,28.43,70.84,10.77,5.8,11.06,55.83,Yes
690,Maize,Maturation,46.28,23.83,49.68,49.86,7.78,23.22,15.05,No
691,Potato,Maturation,22.12,32.88,61.87,20.93,6.53,27.19,35.62,Yes
692,Wheat,Maturation,62.81,18.22,59.26,68.23,6.83,10.72,0,No
693,Maize,Flowering,63.08,19.43,57.99,25.0,6.67,25.28,38.45,Yes
694,Potato,Maturation,43.74,19.22,33.62,21.07,7.27,17.56,25.84,Yes
695,Soybean,Flowering,29.23,15.76,32.93,66.95,6.55,24.84,34.73,Yes
696,Soybean,Maturation,15.84,24.32,53.23,28.1,7.48,14.95,33.15,Yes
697,Sugarcane,Seedling,64.62,16.77,49.82,27.01,5.56,16.52,12.78,No
698,Tomato,Flowering,11.22,27.68,31.45,25.32,7.21,16.45,80.73,Yes
699,Rice,Maturation,16.0,33.23,51.84,40.22,7.79,16.79,63.16,Yes
700,Tomato,Vegetative,39.82,37.88,81.16,67.23,7.11,15.75,27.7,Yes
701,Wheat,Flowering,69.77,25.85,44.68,59.43,5.78,26.88,18.11,No
702,Rice,Maturation,35.63,24.38,34.98,65.9,7.01,16.0,41.58,Yes
703,Soybean,Vegetative,34.86,21.78,63.5,53.72,7.14,27.62,15.58,No
704,Maize,Maturation,22.78,40.98,78.24,37.38,8.31,20.65,35.64,Yes
705,Tomato,Seedling,41.34,24.84,39.6,12.04,7.56,16.01,25.96,Yes
706,Rice,Vegetative,60.76,22.21,48.66,12.85,7.56,14.72,71.78,Yes
707,Cotton,Seedling,19.0,15.75,81.81,24.84,6.96,29.83,14.56,No
708,Cotton,Vegetative,26.36,15.79,81.33,22.22,7.15,22.89,47.85,Yes
709,Wheat,Maturation,56.93,16.49,88.27,25.11,6.39,11.27,7.76,No
710,Rice,Maturation,66.59,34.55,39.14,8.95,7.7,28.66,61.88,Yes
711,Sugarcane,Maturation,63.07,21.43,37.95,64.53,6.49,21.69,19.12,No
712,Cotton,Maturation,23.08,17.88,43.92,21.96,6.73,27.26,43.68,Yes
713,Wheat,Maturation,42.01,33.89,37.34,43.66,6.92,14.93,18.97,No
714,Maize,Flowering,38.51,24.93,50.03,51.63,8.22,10.7,48.9,Yes
715,Wheat,Vegetative,25.18,25.39,71.53,56.05,8.21,23.7,15.34,No
716,Potato,Maturation,10.47,40.94,90.29,73.43,6.4,28.73,22.83,No
717,Cotton,Flowering,22.62,39.04,89.53,50.51,8.14,25.33,68.34,Yes
718,Rice,Maturation,38.27,26.15,84.68,57.39,8.13,26.4,37.65,Yes
719,Maize,Flowering,40.38,24.5,69.14,65.07,7.71,19.07,34.01,Yes
720,Maize,Maturation,57.46,18.67,56.04,50.26,6.44,11.64,3.58,No
721,Maize,Vegetative,40.98,41.18,83.99,61.05,8.04,23.72,30.13,Yes
722,Potato,Vegetative,25.64,33.56,83.74,63.96,6.1,18.29,25.51,Yes
723,Maize,Maturation,62.58,40.51,87.48,17.96,8.34,28.46,27.74,Yes
724,Rice,Maturation,21.9,33.93,40.97,32.08,6.79,15.2,65.84,Yes
725,Rice,Flowering,20.21,30.32,30.92,42.07,7.82,28.57,110.13,Yes
726,Cotton,Vegetative,21.43,38.27,80.84,23.04,6.98,12.6,61.3,Yes
727,Cotton,Vegetative,69.71,22.64,74.02,33.47,6.73,12.92,27.81,Yes
728,Potato,Vegetative,32.18,33.48,59.78,0.83,5.9,16.46,62.79,Yes
729,Tomato,Vegetative,52.8,34.13,77.85,20.5,5.79,11.18,44.16,Yes
730,Soybean,Seedling,10.32,28.62,54.76,78.2,7.51,12.64,4.36,No
731,Wheat,Vegetative,25.62,28.6,90.47,70.23,5.9,16.35,8.32,No
732,Rice,Flowering,12.65,18.45,86.66,66.78,7.74,28.52,81.0,Yes
733,Sugarcane,Flowering,46.78,35.56,47.14,25.04,8.18,16.31,106.74,Yes
734,Maize,Maturation,13.19,19.01,44.94,2.87,6.28,24.12,46.58,Yes
735,Tomato,Seedling,69.71,40.03,32.65,28.52,7.63,19.7,16.19,No
736,Maize,Seedling,30.98,20.5,48.47,66.8,7.75,26.45,0,No
737,Cotton,Seedling,41.56,30.41,57.07,6.15,7.8,23.54,36.59,Yes
738,Rice,Maturation,32.41,40.09,36.89,25.88,5.59,19.2,73.19,Yes
739,Potato,Maturation,47.7,22.27,72.77,26.35,5.63,22.45,12.68,No
740,Maize,Vegetative,61.8,36.64,48.39,63.85,7.73,20.94,23.52,No
741,Tomato,Seedling,33.93,19.81,92.73,69.24,5.77,27.05,0,No
742,Sugarcane,Vegetative,17.24,28.25,58.1,64.51,6.43,23.7,65.19,Yes
743,Maize,Flowering,49.93,37.47,63.32,39.17,8.16,19.53,50.52,Yes
744,Tomato,Flowering,46.83,26.72,57.69,3.24,6.53,19.27,70.16,Yes
745,Cotton,Vegetative,65.84,29.24,72.07,6.72,6.9,11.58,49.69,Yes
746,Maize,Flowering,60.49,29.12,49.21,3.82,5.73,10.9,59.9,Yes
747,Rice,Maturation,34.78,27.55,76.82,65.03,6.57,21.71,37.15,Yes
748,Potato,Vegetative,57.17,37.76,32.94,33.3,7.61,16.28,41.21,Yes
749,Potato,Maturation,47.43,22.16,92.84,69.71,6.06,13.7,0,No
750,Rice,Maturation,42.06,15.16,37.58,13.74,6.93,23.84,51.71,Yes
751,Potato,Flowering,47.11,41.3,53.45,53.9,7.57,17.9,51.22,Yes
752,Wheat,Vegetative,16.71,15.43,93.08,68.72,6.13,22.97,4.8,No
753,Cotton,Maturation,60.53,38.17,65.01,6.89,7.81,12.96,44.81,Yes
754,Maize,Maturation,67.83,27.73,85.89,46.82,6.1,21.39,4.46,No
755,Tomato,Seedling,30.03,17.77,85.1,34.54,6.75,19.91,4.89,No
756,Sugarcane,Seedling,39.25,28.12,68.42,48.92,7.54,26.33,21.77,No
757,Potato,Vegetative,52.86,29.26,57.43,25.27,5.69,27.86,34.07,Yes
758,Potato,Flowering,36.9,26.78,40.49,58.1,6.91,18.76,45.73,Yes
759,Cotton,Flowering,65.3,38.04,76.49,37.48,8.15,24.46,57.19,Yes
760,Soybean,Maturation,57.99,37.8,70.42,22.6,7.75,23.34,28.16,Yes
761,Maize,Vegetative,21.97,31.36,36.56,33.28,8.48,16.07,50.41,Yes
762,Wheat,Flowering,62.85,24.64,40.31,66.24,8.18,10.64,15.81,No
763,Rice,Flowering,35.84,31.67,37.84,17.93,6.27,16.81,113.79,Yes
764,Sugarcane,Vegetative,61.2,38.59,69.28,8.33,5.65,28.93,78.57,Yes
765,Potato,Seedling,68.48,36.1,69.63,68.67,5.81,21.25,0,No
766,Rice,Vegetative,64.66,19.24,48.99,35.32,7.02,24.65,55.44,Yes
767,Rice,Vegetative,48.83,24.03,38.96,67.89,6.82,18.31,51.17,Yes
768,Potato,Flowering,27.21,19.62,47.29,57.22,6.75,22.59,39.37,Yes
769,Cotton,Vegetative,55.19,29.3,81.17,11.04,6.79,28.36,55.59,Yes
770,Soybean,Seedling,36.55,35.79,76.65,41.39,5.71,16.77,8.4,No
771,Tomato,Vegetative,36.04,25.62,32.41,73.8,5.95,21.49,33.63,Yes
772,Sugarcane,Maturation,34.12,33.38,65.98,24.35,7.73,28.18,58.81,Yes
773,Wheat,Flowering,64.01,31.48,39.55,32.32,7.43,27.75,34.03,Yes
774,Potato,Flowering,63.26,36.1,56.29,15.78,6.4,10.74,56.81,Yes
775,Soybean,Maturation,53.51,34.98,38.19,79.35,6.35,11.86,0,No
776,Maize,Seedling,11.67,36.51,68.51,19.31,7.82,24.53,37.44,Yes
777,Rice,Seedling,60.5,22.01,62.99,9.91,7.77,28.83,30.29,Yes
778,Wheat,Maturation,30.34,21.37,78.47,46.53,7.64,28.75,8.16,No
779,Cotton,Flowering,27.95,33.01,82.98,45.82,5.92,17.55,65.26,Yes
780,Cotton,Flowering,37.26,18.96,57.67,32.96,5.78,18.5,59.22,Yes
781,Maize,Maturation,22.89,17.11,73.99,32.22,7.18,25.58,25.08,Yes
782,Tomato,Maturation,51.34,40.59,77.56,33.35,5.99,20.12,29.76,Yes
783,Potato,Maturation,17.76,34.02,86.11,9.44,6.14,19.47,47.32,Yes
784,Soybean,Seedling,46.1,26.03,37.86,45.74,5.62,13.07,0,No
785,Soybean,Flowering,69.46,23.19,61.59,63.3,5.93,21.79,21.94,No
786,Sugarcane,Vegetative,20.98,34.97,30.14,43.8,5.7,10.89,81.08,Yes
787,Potato,Flowering,43.95,39.31,80.79,38.02,7.66,22.11,55.51,Yes
788,Potato,Maturation,50.03,19.02,77.31,7.15,7.37,22.47,21.49,No
789,Tomato,Vegetative,64.01,24.15,32.98,53.64,6.83,15.55,24.48,No
790,Wheat,Flowering,43.66,18.34,66.36,15.39,7.36,21.54,40.01,Yes
791,Wheat,Vegetative,55.03,28.57,31.21,52.66,7.1,29.25,15.51,No
792,Potato,Seedling,58.42,31.39,56.12,3.6,8.09,10.47,27.54,Yes
793,Tomato,Vegetative,34.9,38.21,50.63,20.57,5.84,11.99,60.55,Yes
794,Sugarcane,Seedling,19.25,40.71,74.11,4.71,8.38,13.63,64.85,Yes
795,Wheat,Flowering,33.4,23.64,56.83,25.94,6.63,26.55,45.02,Yes
796,Cotton,Maturation,40.52,28.62,91.71,21.54,6.46,21.06,36.55,Yes
797,Rice,Maturation,11.73,32.11,89.39,1.49,7.16,21.72,83.93,Yes
798,Maize,Flowering,44.09,27.04,85.01,40.03,7.85,12.85,46.76,Yes
799,Maize,Vegetative,42.25,26.44,89.25,36.14,5.5,19.29,29.98,Yes
800,Maize,Seedling,13.61,39.89,47.76,20.07,7.54,29.98,41.09,Yes
801,Cotton,Flowering,12.73,34.96,66.6,24.05,6.69,12.46,88.81,Yes
802,Sugarcane,Maturation,22.65,28.63,82.13,70.71,8.34,22.7,38.11,Yes
803,Potato,Flowering,24.76,41.54,52.21,36.78,7.3,10.32,68.06,Yes
804,Wheat,Maturation,10.26,15.26,41.28,44.46,7.59,19.78,12.64,No
805,Tomato,Seedling,57.24,32.53,35.04,2.48,8.0,23.43,32.32,Yes
806,Tomato,Flowering,33.21,37.66,82.77,78.7,5.87,17.41,41.61,Yes
807,Cotton,Maturation,10.56,35.06,79.3,54.44,7.63,13.83,39.41,Yes
808,Cotton,Vegetative,68.81,41.12,32.39,39.43,7.61,22.12,42.95,Yes
809,Wheat,Vegetative,69.06,32.24,37.21,22.19,7.0,13.41,29.19,Yes
810,Maize,Seedling,45.29,35.14,38.28,74.69,8.07,27.62,5.52,No
811,Sugarcane,Vegetative,60.86,15.62,93.04,54.22,7.34,23.61,33.23,Yes
812,Tomato,Seedling,61.23,23.72,84.88,32.55,5.87,20.37,2.35,No
813,Potato,Flowering,41.04,16.17,76.88,3.76,8.26,20.65,54.4,Yes
814,Soybean,Seedling,62.81,36.81,94.37,18.05,7.57,29.16,14.88,No
815,Cotton,Vegetative,19.87,23.39,70.69,7.74,6.94,26.16,58.77,Yes
816,Soybean,Flowering,24.83,27.79,92.32,66.6,7.96,20.39,28.84,Yes
817,Cotton,Seedling,56.54,31.73,79.67,50.03,7.24,11.71,6.53,No
818,Soybean,Seedling,56.96,16.67,82.16,4.38,7.33,18.64,7.33,No
819,Rice,Seedling,43.56,22.96,54.79,7.67,7.76,14.66,40.32,Yes
820,Wheat,Maturation,33.04,36.47,87.2,49.54,6.52,28.75,12.53,No
821,Wheat,Maturation,41.03,30.87,37.02,0.98,7.64,21.86,42.75,Yes
822,Maize,Flowering,31.32,28.0,70.36,14.87,5.91,10.88,58.91,Yes
823,Maize,Flowering,45.07,28.85,72.36,28.62,7.25,20.82,54.45,Yes
824,Soybean,Flowering,32.13,15.22,68.12,54.26,5.67,20.14,30.65,Yes
825,Wheat,Maturation,30.63,41.37,71.64,16.1,5.71,13.79,34.5,Yes
826,Potato,Flowering,61.12,30.28,51.82,23.97,6.49,12.1,53.22,Yes
827,Wheat,Maturation,23.16,15.1,44.5,18.42,7.37,14.78,23.21,No
828,Soybean,Maturation,22.32,19.97,94.34,29.03,5.72,10.6,12.01,No
829,Rice,Vegetative,27.43,20.25,68.07,61.24,5.63,10.59,56.0,Yes
830,Sugarcane,Vegetative,30.39,29.97,41.61,1.72,8.03,28.21,92.48,Yes
831,Wheat,Vegetative,32.74,36.26,37.21,74.89,6.42,14.8,20.5,No
832,Tomato,Seedling,17.11,38.83,38.5,15.17,7.1,23.89,43.75,Yes
833,Soybean,Maturation,68.62,21.6,33.0,49.28,6.07,20.71,1.9,No
834,Wheat,Flowering,62.37,37.99,92.94,70.87,6.13,11.63,12.98,No
835,Potato,Seedling,20.05,25.48,87.36,60.09,6.62,20.38,5.26,No
836,Potato,Maturation,38.43,30.69,71.48,63.25,7.45,14.14,16.11,No
837,Cotton,Maturation,61.79,25.69,49.89,71.1,7.21,28.71,3.13,No
838,Maize,Seedling,27.7,29.01,44.96,3.29,7.04,16.73,40.44,Yes
839,Potato,Maturation,35.95,24.92,62.34,21.84,5.57,18.83,30.17,Yes
840,Rice,Flowering,60.56,28.85,71.84,62.87,8.28,11.97,75.83,Yes
841,Rice,Flowering,12.3,20.41,42.78,26.34,6.41,26.31,108.85,Yes
842,Maize,Flowering,10.51,23.09,83.45,62.65,6.71,18.12,40.73,Yes
843,Wheat,Maturation,49.25,41.71,91.85,69.24,6.18,24.47,2.82,No
844,Potato,Maturation,30.44,17.32,84.98,34.3,8.33,18.35,18.9,No
845,Potato,Maturation,61.18,15.81,39.03,69.9,6.42,24.76,0,No
846,Soybean,Flowering,23.53,26.49,78.92,61.03,7.57,15.99,35.43,Yes
847,Wheat,Seedling,65.33,19.15,91.92,26.42,7.39,22.06,0,No
848,Tomato,Vegetative,66.92,16.72,55.12,37.98,6.49,29.24,16.57,No
849,Sugarcane,Seedling,20.29,33.22,41.55,66.12,7.31,10.54,33.25,Yes
850,Tomato,Flowering,22.35,22.86,64.09,36.37,6.61,10.22,66.82,Yes
851,Soybean,Maturation,33.47,41.72,38.39,33.47,7.73,17.78,40.17,Yes
852,Cotton,Flowering,35.93,34.16,60.86,48.3,8.32,21.75,64.02,Yes
853,Potato,Flowering,22.1,41.76,58.97,65.97,7.31,14.94,53.39,Yes
854,Potato,Maturation,37.76,16.06,35.92,51.7,8.26,16.94,14.93,No
855,Sugarcane,Maturation,46.78,36.87,41.38,19.93,8.2,24.66,57.25,Yes
856,Maize,Seedling,33.61,40.53,45.58,69.64,6.32,22.56,13.05,No
857,Sugarcane,Seedling,51.88,34.51,44.12,39.48,8.48,21.06,33.69,Yes
858,Rice,Flowering,34.61,19.45,43.48,3.57,5.58,22.78,111.37,Yes
859,Potato,Maturation,30.62,25.78,42.64,3.02,6.25,24.18,48.39,Yes
860,Potato,Maturation,37.68,17.23,72.71,57.09,6.81,19.42,7.64,No
861,Sugarcane,Vegetative,20.24,15.49,36.53,23.53,7.1,17.82,77.55,Yes
862,Sugarcane,Vegetative,36.44,19.8,76.44,71.42,7.1,18.84,42.47,Yes
863,Wheat,Seedling,33.44,23.32,33.41,0.37,7.82,25.34,30.7,Yes
864,Cotton,Vegetative,15.48,26.39,94.3,26.97,6.08,23.38,52.03,Yes
865,Cotton,Seedling,57.82,37.42,40.91,13.36,6.75,12.15,32.2,Yes
866,Cotton,Vegetative,66.06,25.67,57.81,18.59,5.82,16.47,45.56,Yes
867,Wheat,Maturation,49.24,15.32,43.83,17.61,7.47,15.57,13.54,No
868,Cotton,Maturation,28.09,31.17,93.9,8.15,7.11,29.81,47.91,Yes
869,Maize,Flowering,67.54,31.2,93.79,55.71,7.53,29.45,27.59,Yes
870,Soybean,Maturation,14.05,15.48,89.29,35.91,7.03,24.84,13.89,No
871,Wheat,Vegetative,11.27,35.49,38.06,18.91,6.79,14.87,56.15,Yes
872,Potato,Flowering,22.12,25.15,71.73,19.05,7.68,29.77,64.27,Yes
873,Potato,Flowering,18.06,23.57,81.15,3.17,7.88,18.3,72.29,Yes
874,Cotton,Flowering,30.56,20.56,33.51,73.41,8.47,26.03,43.38,Yes
875,Cotton,Maturation,41.29,19.96,70.94,5.17,6.97,29.07,48.05,Yes
876,Cotton,Vegetative,15.51,31.0,84.03,74.55,6.21,11.56,37.71,Yes
877,Potato,Flowering,19.85,20.33,57.56,48.47,6.41,21.53,49.93,Yes
878,Potato,Seedling,67.06,24.71,54.55,37.66,6.77,22.19,0,No
879,Tomato,Vegetative,59.18,36.43,31.29,30.51,8.06,25.18,50.08,Yes
880,Maize,Vegetative,25.44,27.52,59.48,30.01,7.32,11.44,42.0,Yes
881,Maize,Maturation,21.74,39.74,30.27,68.93,7.69,17.49,26.52,Yes
882,Tomato,Flowering,33.04,23.31,94.19,5.7,8.15,29.85,69.21,Yes
883,Rice,Maturation,65.93,19.38,79.59,76.57,7.81,25.03,9.17,No
884,Soybean,Seedling,49.05,40.02,77.82,19.39,5.6,26.26,25.87,Yes
885,Wheat,Vegetative,25.68,27.3,74.27,20.34,7.31,29.04,36.51,Yes
886,Rice,Maturation,33.86,30.83,88.56,41.48,6.07,18.46,49.7,Yes
887,Tomato,Flowering,51.51,28.52,64.66,70.93,7.26,24.68,36.15,Yes
888,Rice,Seedling,48.17,35.97,52.39,11.42,7.75,28.6,44.12,Yes
889,Tomato,Flowering,10.39,19.55,61.96,7.75,7.82,18.36,75.17,Yes
890,Tomato,Vegetative,20.58,20.03,38.73,38.92,7.01,12.2,44.76,Yes
891,Cotton,Vegetative,22.06,35.25,82.6,15.35,8.45,27.43,59.14,Yes
892,Rice,Vegetative,14.79,17.31,38.1,5.14,5.59,14.7,93.06,Yes
893,Potato,Seedling,10.57,22.18,92.09,53.23,7.87,10.84,8.37,No
894,Tomato,Flowering,65.93,27.78,51.91,34.36,6.61,27.8,55.04,Yes
895,Soybean,Vegetative,66.46,32.96,54.6,4.58,6.57,16.61,42.98,Yes
896,Tomato,Vegetative,11.54,18.32,64.49,76.08,7.75,14.97,25.28,Yes
897,Potato,Maturation,40.89,32.83,30.2,51.05,8.33,16.44,20.78,No
898,Soybean,Maturation,24.01,28.08,78.05,63.52,6.55,28.78,5.85,No
899,Potato,Seedling,54.06,22.93,42.68,11.45,7.06,21.44,20.8,No
900,Maize,Maturation,57.81,23.14,73.75,43.9,8.12,13.36,4.59,No
901,Potato,Seedling,38.93,29.6,45.82,13.63,8.33,24.0,35.91,Yes
902,Wheat,Vegetative,65.74,23.82,54.93,22.43,7.66,23.32,25.15,Yes
903,Rice,Vegetative,65.36,32.11,61.98,63.64,6.5,14.48,43.38,Yes
904,Rice,Flowering,32.62,34.37,77.84,30.53,7.43,21.24,102.38,Yes
905,Tomato,Vegetative,23.41,18.12,35.7,7.13,7.72,28.74,57.16,Yes
906,Soybean,Vegetative,61.2,40.76,67.5,0.13,5.69,20.71,47.45,Yes
907,Tomato,Maturation,29.18,24.86,74.15,63.73,7.06,22.03,14.75,No
908,Potato,Flowering,18.68,40.46,84.42,39.99,6.87,22.03,67.7,Yes
909,Maize,Seedling,45.93,23.34,94.37,9.88,8.49,24.13,9.62,No
910,Potato,Flowering,52.25,25.17,93.77,26.65,7.98,14.21,45.11,Yes
911,Cotton,Seedling,65.39,35.95,85.69,58.19,6.4,26.3,2.16,No
912,Wheat,Maturation,30.24,33.3,94.37,60.62,6.67,20.56,6.15,No
913,Sugarcane,Flowering,51.78,20.27,85.66,31.5,5.89,25.05,73.66,Yes
914,Sugarcane,Maturation,49.28,30.58,58.72,38.6,8.19,14.2,43.02,Yes
915,Cotton,Seedling,31.73,38.12,36.63,62.84,8.08,17.53,25.39,Yes
916,Maize,Seedling,15.76,41.3,41.68,4.2,8.44,23.0,51.89,Yes
917,Tomato,Vegetative,47.62,25.91,32.21,19.27,6.97,23.76,52.4,Yes
918,Tomato,Seedling,56.66,38.35,72.27,22.02,7.46,17.35,21.94,No
919,Rice,Seedling,14.96,28.21,73.47,40.78,5.57,21.46,38.02,Yes
920,Rice,Vegetative,33.04,42.0,75.68,23.87,5.88,16.5,87.04,Yes
921,Maize,Maturation,58.77,15.53,66.14,42.91,7.94,19.77,0,No
922,Rice,Vegetative,67.94,39.24,41.74,47.93,6.04,21.09,64.52,Yes
923,Soybean,Seedling,12.35,30.53,72.42,7.03,6.27,25.06,37.44,Yes
924,Sugarcane,Flowering,67.98,19.63,93.51,52.65,6.25,10.92,60.45,Yes
925,Sugarcane,Maturation,18.39,28.24,50.34,72.86,8.49,22.12,35.69,Yes
926,Wheat,Vegetative,12.2,18.83,85.65,17.22,5.9,21.04,34.42,Yes
927,Soybean,Flowering,17.71,31.8,34.83,20.4,6.65,28.07,67.92,Yes
928,Sugarcane,Maturation,66.41,18.87,43.24,50.37,6.31,22.66,26.6,Yes
929,Cotton,Flowering,43.82,32.49,63.24,13.12,7.96,16.33,78.61,Yes
930,Cotton,Seedling,26.21,29.35,74.46,32.54,6.49,11.78,22.71,No
931,Soybean,Flowering,18.78,36.55,47.79,7.84,8.44,14.44,81.64,Yes
932,Rice,Vegetative,41.59,38.64,68.27,64.54,5.79,16.98,61.2,Yes
933,Sugarcane,Flowering,46.45,39.21,41.1,75.72,6.67,16.9,79.83,Yes
934,Tomato,Maturation,45.54,21.99,74.63,57.06,7.47,12.85,0.79,No
935,Sugarcane,Seedling,65.11,32.26,54.06,62.2,7.53,18.36,9.44,No
936,Soybean,Maturation,40.13,22.45,57.8,75.33,8.14,26.28,0,No
937,Sugarcane,Seedling,66.85,25.98,50.33,7.21,5.74,24.6,36.58,Yes
938,Wheat,Seedling,54.6,29.96,62.04,69.95,8.39,18.48,0,No
939,Maize,Maturation,39.87,33.5,73.99,42.59,5.87,10.28,25.54,Yes
940,Wheat,Maturation,52.16,35.24,45.87,59.12,8.35,26.47,13.15,No
941,Wheat,Maturation,67.88,33.21,87.33,41.88,6.18,11.5,4.3,No
942,Wheat,Maturation,39.73,19.6,93.03,27.04,7.54,26.63,6.26,No
943,Rice,Flowering,27.95,22.93,43.85,59.04,7.21,14.35,86.71,Yes
944,Wheat,Maturation,63.55,37.91,33.74,0.47,6.88,15.97,43.18,Yes
945,Rice,Seedling,30.98,34.51,56.13,0.71,6.79,13.95,55.13,Yes
946,Tomato,Seedling,64.79,15.19,80.01,20.01,6.91,17.49,0.06,No
947,Soybean,Maturation,63.53,29.48,47.52,79.15,7.47,18.79,0,No
948,Wheat,Flowering,63.01,34.15,37.19,22.79,5.9,18.42,48.47,Yes
949,Soybean,Seedling,19.62,20.37,61.15,53.22,6.3,18.42,0,No
950,Maize,Flowering,55.07,36.07,55.99,58.08,7.73,26.51,40.22,Yes
951,Maize,Seedling,67.46,36.4,38.2,27.53,5.54,23.69,21.99,No
952,Tomato,Seedling,36.06,22.82,61.59,60.87,6.24,13.05,2.97,No
953,Maize,Vegetative,26.87,18.11,47.13,56.08,7.5,18.58,19.46,No
954,Rice,Vegetative,21.32,38.08,70.88,11.9,5.86,18.03,97.21,Yes
955,Sugarcane,Vegetative,65.75,26.51,70.07,7.27,5.65,18.15,65.29,Yes
956,Cotton,Vegetative,30.17,27.94,63.14,51.51,6.41,15.38,45.04,Yes
957,Sugarcane,Flowering,52.7,21.67,88.18,14.54,5.5,23.21,86.19,Yes
958,Sugarcane,Seedling,35.85,21.81,61.93,26.74,5.83,23.38,34.66,Yes
959,Maize,Flowering,31.63,36.87,78.29,47.11,7.31,14.77,53.4,Yes
960,Rice,Seedling,17.83,35.05,37.82,46.92,8.24,23.09,50.7,Yes
961,Cotton,Vegetative,52.28,39.99,34.87,43.73,6.53,24.51,52.0,Yes
962,Maize,Seedling,17.67,26.29,76.25,71.33,7.78,26.92,0.73,No
963,Soybean,Flowering,36.91,34.37,89.21,5.42,6.76,28.63,62.01,Yes
964,Sugarcane,Vegetative,27.38,40.81,33.95,77.8,6.07,26.29,63.69,Yes
965,Potato,Seedling,19.93,35.27,54.97,62.35,6.7,15.43,15.54,No
966,Cotton,Seedling,62.75,36.35,59.6,56.62,7.08,16.07,8.35,No
967,Cotton,Flowering,52.5,29.91,41.12,3.65,6.21,10.78,84.15,Yes
968,Maize,Flowering,62.4,16.39,93.7,79.16,6.13,12.32,12.01,No
969,Soybean,Flowering,29.47,40.55,87.46,21.12,5.9,27.97,60.55,Yes
970,Wheat,Flowering,23.16,41.06,41.49,77.73,7.11,29.58,46.36,Yes
971,Rice,Maturation,66.74,21.95,70.7,48.35,6.12,18.84,28.17,Yes
972,Tomato,Vegetative,36.76,34.7,58.2,11.87,6.94,19.92,61.2,Yes
973,Potato,Vegetative,58.94,19.75,67.03,75.47,6.04,15.64,0,No
974,Tomato,Vegetative,14.17,16.95,45.94,72.73,8.41,12.0,31.44,Yes
975,Maize,Seedling,46.2,25.2,31.35,66.12,7.79,22.89,0.1,No
976,Rice,Flowering,18.56,31.94,30.88,77.31,8.37,12.13,93.46,Yes
977,Soybean,Seedling,22.14,27.97,66.59,35.55,5.99,16.64,17.33,No
978,Sugarcane,Seedling,11.27,16.2,65.4,8.21,8.16,18.31,47.38,Yes
979,Wheat,Vegetative,11.44,26.53,39.58,52.43,6.18,27.58,25.83,Yes
980,Rice,Maturation,20.17,17.97,36.61,76.47,6.57,22.31,39.71,Yes
981,Rice,Flowering,65.4,39.84,88.21,48.36,6.03,20.61,82.63,Yes
982,Maize,Flowering,47.49,22.75,86.9,21.69,7.0,17.38,45.17,Yes
983,Sugarcane,Seedling,57.33,38.27,93.57,62.22,5.94,12.96,9.48,No
984,Potato,Seedling,16.79,26.54,77.24,11.57,6.47,12.55,32.91,Yes
985,Tomato,Flowering,29.16,26.44,75.07,33.12,7.88,16.67,62.07,Yes
986,Cotton,Maturation,35.12,28.42,64.7,42.6,7.96,17.69,26.54,Yes
987,Tomato,Vegetative,52.19,21.35,30.19,79.51,5.55,21.17,19.44,No
988,Wheat,Flowering,31.65,37.93,80.61,11.15,6.88,26.71,57.74,Yes
989,Tomato,Vegetative,22.64,21.06,78.55,9.38,7.59,12.86,51.83,Yes
990,Tomato,Flowering,13.25,17.86,67.8,38.15,7.28,13.16,54.14,Yes
991,Maize,Flowering,18.48,21.62,30.81,66.49,6.75,25.31,42.92,Yes
992,Sugarcane,Maturation,34.69,24.11,80.79,55.62,6.36,13.12,34.79,Yes
993,Wheat,Vegetative,40.2,15.29,84.12,54.39,8.13,21.08,5.56,No
994,Sugarcane,Vegetative,35.42,19.23,93.25,41.72,8.43,12.5,46.46,Yes
995,Cotton,Maturation,47.14,20.91,41.94,59.68,7.18,26.83,16.11,No
996,Soybean,Maturation,59.64,19.45,82.22,51.73,6.08,12.17,0,No
997,Rice,Flowering,46.19,37.86,31.82,22.58,7.12,11.31,109.62,Yes
998,Sugarcane,Vegetative,43.1,32.24,32.1,21.53,8.43,21.3,76.08,Yes
999,Potato,Seedling,12.88,17.52,50.06,78.44,7.76,29.17,0,No
1000,Tomato,Flowering,68.43,33.97,36.33,32.58,7.72,12.02,57.06,Yes
1001,Maize,Seedling,45.23,25.32,68.11,68.16,6.37,13.03,0,No
1002,Rice,Vegetative,63.06,36.8,72.52,61.51,5.98,29.27,55.02,Yes
1003,Soybean,Maturation,57.12,24.15,53.42,68.48,6.79,27.81,0,No
1004,Cotton,Seedling,67.48,30.31,94.64,7.79,5.54,25.33,16.23,No
1005,Sugarcane,Seedling,39.93,27.28,41.03,23.65,5.7,21.53,39.18,Yes
1006,Potato,Flowering,69.17,41.42,79.6,35.36,8.27,28.8,49.27,Yes
1007,Potato,Seedling,31.81,22.74,56.59,49.57,7.54,18.82,2.01,No
1008,Soybean,Flowering,15.01,26.16,59.26,70.19,8.47,10.85,36.61,Yes
1009,Wheat,Vegetative,51.98,30.14,40.05,8.42,6.63,21.4,40.4,Yes
1010,Potato,Seedling,30.94,27.65,64.78,65.46,5.83,13.61,0,No
1011,Rice,Maturation,56.09,20.39,51.37,25.38,8.49,19.73,45.47,Yes
1012,Sugarcane,Maturation,12.3,19.21,60.55,51.22,6.46,10.63,41.5,Yes
1013,Tomato,Seedling,66.19,24.76,57.96,37.87,5.66,27.36,7.05,No
1014,Sugarcane,Flowering,48.14,17.26,34.5,32.41,6.4,24.24,83.34,Yes
1015,Tomato,Vegetative,50.18,22.01,83.99,7.4,8.2,16.84,42.27,Yes
1016,Soybean,Maturation,38.9,29.46,80.95,77.25,6.81,28.25,0,No
1017,Tomato,Seedling,43.65,39.13,42.91,57.82,7.24,12.89,12.62,No
1018,Soybean,Seedling,19.03,27.38,39.59,69.14,5.84,29.4,0,No
1019,Tomato,Flowering,41.24,15.1,59.29,66.6,5.88,18.99,33.72,Yes
1020,Cotton,Vegetative,35.21,29.74,40.8,30.2,6.54,29.05,54.23,Yes
1021,Wheat,Flowering,58.83,15.44,88.28,40.17,8.1,23.99,13.03,No
1022,Tomato,Flowering,31.13,29.65,64.01,61.21,5.84,13.52,47.4,Yes
1023,Tomato,Flowering,20.61,31.06,65.28,30.53,8.04,23.77,68.29,Yes
1024,Rice,Seedling,58.36,17.8,72.23,49.3,6.73,19.93,11.35,No
1025,Rice,Maturation,40.2,36.76,73.4,68.14,6.14,25.54,39.85,Yes
1026,Potato,Seedling,31.04,36.43,60.16,72.64,7.43,25.69,4.91,No
1027,Tomato,Seedling,66.38,36.12,62.99,21.41,7.48,16.15,24.57,No
1028,Cotton,Seedling,64.01,26.19,31.01,12.27,6.62,26.33,20.79,No
1029,Soybean,Flowering,20.22,30.45,57.95,44.46,6.67,22.33,50.58,Yes
1030,Tomato,Vegetative,66.36,25.54,77.33,32.25,6.45,13.17,27.77,Yes
1031,Cotton,Seedling,52.6,18.41,37.69,46.15,6.68,25.24,9.91,No
1032,Maize,Flowering,22.23,17.52,58.43,50.31,7.28,10.56,40.85,Yes
1033,Rice,Maturation,11.52,34.82,93.92,50.76,7.83,13.73,55.56,Yes
1034,Cotton,Vegetative,53.58,36.79,54.58,20.84,5.66,11.66,53.65,Yes
1035,Maize,Seedling,48.3,30.64,36.72,36.73,7.29,12.14,14.03,No
1036,Rice,Seedling,39.65,24.76,84.49,31.26,6.97,10.44,36.88,Yes
1037,Rice,Maturation,67.55,17.06,74.68,30.02,6.44,28.17,34.1,Yes
1038,Wheat,Vegetative,49.58,32.04,85.56,9.38,6.53,16.94,32.51,Yes
1039,Wheat,Vegetative,41.3,21.87,37.9,48.49,7.11,20.36,17.19,No
1040,Soybean,Seedling,63.91,15.8,39.01,6.68,7.57,12.53,6.79,No
1041,Sugarcane,Maturation,21.95,17.48,76.03,52.15,6.9,26.18,30.05,Yes
1042,Cotton,Flowering,20.38,33.55,87.68,22.49,6.68,21.67,82.63,Yes
1043,Sugarcane,Vegetative,57.65,40.75,61.71,70.63,6.77,24.94,52.65,Yes
1044,Tomato,Maturation,21.98,24.53,88.36,65.55,6.85,27.79,9.97,No
1045,Sugarcane,Maturation,27.61,37.32,71.93,77.21,6.56,10.6,39.55,Yes
1046,Maize,Flowering,24.72,20.81,54.16,11.6,6.44,10.19,67.73,Yes
1047,Wheat,Flowering,22.83,30.32,50.9,18.61,5.7,15.67,58.18,Yes
1048,Sugarcane,Seedling,44.44,32.45,74.34,34.82,7.94,13.96,33.66,Yes
1049,Wheat,Maturation,39.92,41.74,57.38,9.93,6.01,16.54,37.94,Yes
1050,Sugarcane,Seedling,48.62,38.11,94.22,72.93,6.35,26.83,15.08,No
1051,Tomato,Seedling,63.75,39.79,32.54,51.58,5.71,11.9,14.22,No
1052,Sugarcane,Flowering,55.22,25.81,66.17,25.05,7.34,17.87,83.06,Yes
1053,Potato,Maturation,60.92,41.11,37.89,29.91,7.35,10.59,33.3,Yes
1054,Rice,Flowering,61.68,34.55,44.71,7.04,7.67,26.25,110.87,Yes
1055,Wheat,Seedling,25.58,36.19,37.2,75.77,5.73,16.59,0,No
1056,Sugarcane,Vegetative,65.49,30.75,37.79,25.55,5.94,21.68,62.39,Yes
1057,Tomato,Maturation,50.09,29.09,45.63,38.23,6.97,15.61,26.76,Yes
1058,Rice,Flowering,55.97,34.21,52.95,66.84,6.23,22.94,78.21,Yes
1059,Cotton,Seedling,14.51,28.35,43.81,53.64,6.9,17.7,20.76,No
1060,Soybean,Flowering,52.51,32.69,85.11,8.45,5.89,28.33,54.37,Yes
1061,Tomato,Maturation,62.07,28.86,80.7,15.04,6.33,13.28,25.51,Yes
1062,Rice,Vegetative,37.66,17.89,37.16,1.33,6.88,15.34,89.68,Yes
1063,Potato,Maturation,31.12,18.19,65.77,28.35,6.14,17.94,20.61,No
1064,Potato,Flowering,32.19,16.33,54.86,74.24,6.08,13.79,28.48,Yes
1065,Maize,Flowering,41.77,28.33,58.18,54.49,7.44,29.18,42.67,Yes
1066,Wheat,Flowering,24.33,29.37,47.9,70.61,7.6,18.09,31.75,Yes
1067,Tomato,Seedling,23.19,37.25,74.96,39.61,6.01,14.07,23.41,No
1068,Sugarcane,Seedling,15.65,28.59,75.53,38.14,6.42,28.13,34.66,Yes
1069,Cotton,Vegetative,28.91,16.88,42.18,71.99,5.93,10.25,22.95,No
1070,Maize,Flowering,62.88,19.61,79.42,0.78,6.56,19.48,51.16,Yes
1071,Wheat,Maturation,62.39,27.76,32.94,1.39,7.54,15.81,29.1,Yes
1072,Maize,Seedling,16.0,36.71,51.82,39.25,6.55,20.91,33.09,Yes
1073,Potato,Flowering,31.86,15.37,52.92,56.81,8.17,25.49,39.74,Yes
1074,Potato,Seedling,26.2,29.02,71.59,11.83,6.73,14.41,25.02,Yes
1075,Maize,Flowering,39.87,21.6,78.17,77.86,6.58,24.89,25.76,Yes
1076,Rice,Flowering,62.63,33.33,88.45,35.94,8.37,20.54,95.38,Yes
1077,Sugarcane,Flowering,63.28,25.56,57.12,79.52,6.43,10.82,55.58,Yes
1078,Rice,Maturation,57.72,30.3,81.51,27.76,5.83,10.17,47.7,Yes
1079,Maize,Maturation,50.86,29.13,48.84,44.65,5.99,19.74,20.61,No
1080,Potato,Seedling,23.04,37.29,38.02,39.07,5.52,17.05,30.37,Yes
1081,Wheat,Seedling,25.09,24.46,48.41,68.72,7.5,25.38,0,No
1082,Sugarcane,Vegetative,69.75,20.31,68.04,6.46,6.16,19.46,61.96,Yes
1083,Soybean,Vegetative,58.7,32.2,57.47,77.35,5.79,15.23,5.15,No
1084,Tomato,Flowering,58.26,18.76,79.9,20.0,6.75,13.99,51.17,Yes
1085,Sugarcane,Seedling,27.84,40.03,59.98,14.67,7.85,26.68,59.58,Yes
1086,Soybean,Flowering,38.1,26.55,57.33,32.82,5.58,21.18,49.07,Yes
1087,Tomato,Seedling,55.35,31.61,49.66,19.41,7.04,12.55,19.26,No
1088,Sugarcane,Seedling,55.32,25.6,56.19,0.48,7.92,27.5,40.64,Yes
1089,Potato,Seedling,15.08,22.29,94.1,8.56,7.28,26.44,23.19,No
1090,Wheat,Seedling,54.43,33.21,78.06,4.24,6.12,12.88,17.13,No
1091,Potato,Vegetative,23.41,33.24,85.4,24.07,6.43,29.78,51.84,Yes
1092,Cotton,Seedling,14.03,19.13,87.19,41.59,6.24,12.07,15.96,No
1093,Wheat,Maturation,33.44,40.0,49.5,38.7,6.05,14.7,30.19,Yes
1094,Potato,Seedling,35.94,32.18,42.01,65.48,7.47,13.42,4.42,No
1095,Cotton,Maturation,38.83,22.82,36.5,47.1,6.6,15.5,22.64,No
1096,Potato,Maturation,58.81,19.0,48.42,9.61,6.67,21.61,28.15,Yes
1097,Wheat,Maturation,12.56,39.49,92.58,37.43,7.67,15.54,33.77,Yes
1098,Cotton,Flowering,64.15,29.18,63.35,13.96,5.95,23.12,66.38,Yes
1099,Soybean,Maturation,52.91,36.24,48.09,61.01,6.41,17.88,14.84,No
1100,Tomato,Maturation,46.35,19.87,76.05,40.56,7.48,15.18,12.5,No
1101,Soybean,Flowering,45.07,37.41,34.39,2.36,7.7,14.63,69.77,Yes
1102,Potato,Flowering,55.59,41.5,82.56,58.61,6.21,28.0,38.73,Yes
1103,Maize,Maturation,55.35,26.34,34.18,48.95,5.84,26.94,18.9,No
1104,Wheat,Vegetative,29.27,33.87,54.55,79.11,7.22,13.99,15.9,No
1105,Sugarcane,Maturation,36.25,22.72,43.08,12.97,7.94,26.17,61.13,Yes
1106,Rice,Vegetative,11.99,18.8,30.34,61.95,7.2,27.29,69.42,Yes
1107,Soybean,Vegetative,50.94,40.86,77.34,42.25,6.07,14.15,32.24,Yes
1108,Soybean,Vegetative,58.1,26.85,70.66,69.92,7.21,12.54,0.56,No
1109,Sugarcane,Seedling,17.08,21.23,69.1,26.47,6.17,28.81,40.57,Yes
1110,Soybean,Seedling,62.35,19.26,48.72,42.75,6.22,20.36,0,No
1111,Sugarcane,Maturation,47.12,29.74,87.97,46.62,8.31,29.7,37.0,Yes
1112,Tomato,Flowering,22.03,38.98,33.86,16.34,7.95,16.59,87.49,Yes
1113,Wheat,Vegetative,39.61,36.75,66.65,48.8,8.01,26.15,24.51,No
1114,Tomato,Seedling,63.25,27.93,38.42,57.87,5.81,19.93,0.29,No
1115,Cotton,Flowering,35.89,23.19,85.24,77.72,5.56,11.11,38.86,Yes
1116,Tomato,Seedling,43.15,16.41,79.77,55.64,6.79,18.54,0,No
1117,Maize,Seedling,36.28,39.22,93.86,29.42,6.08,18.73,24.11,No
1118,Wheat,Vegetative,34.78,35.32,82.5,42.9,5.64,26.04,27.29,Yes
1119,Cotton,Seedling,14.6,18.42,41.74,3.5,6.55,23.1,40.98,Yes
1120,Tomato,Maturation,49.45,32.73,34.96,75.07,6.12,24.11,15.12,No
1121,Soybean,Vegetative,36.61,23.17,53.85,44.11,8.11,14.88,26.82,Yes
1122,Rice,Seedling,30.8,26.09,91.79,38.9,5.74,28.24,28.7,Yes
1123,Cotton,Flowering,54.51,20.69,54.21,65.31,5.93,29.56,38.08,Yes
1124,Potato,Seedling,11.28,37.58,47.57,47.06,6.4,29.3,24.77,No
1125,Wheat,Flowering,61.27,25.37,31.23,30.61,6.83,14.49,32.1,Yes
1126,Wheat,Flowering,11.88,35.6,90.92,72.8,7.76,16.72,36.22,Yes
1127,Sugarcane,Vegetative,55.44,24.21,83.9,34.73,6.78,24.58,53.15,Yes
1128,Rice,Maturation,67.15,40.18,48.68,79.27,7.1,18.48,30.32,Yes
1129,Sugarcane,Vegetative,67.62,27.62,94.52,19.06,8.22,15.61,56.35,Yes
1130,Cotton,Flowering,30.25,25.65,70.01,28.94,7.48,25.65,66.76,Yes
1131,Wheat,Seedling,28.41,32.84,84.34,67.81,6.83,10.35,0,No
1132,Soybean,Maturation,48.26,30.03,56.56,46.37,5.74,27.94,14.1,No
1133,Soybean,Seedling,36.43,21.97,81.14,20.76,6.98,14.55,14.23,No
1134,Wheat,Vegetative,16.87,16.04,74.49,68.85,7.24,10.84,11.89,No
1135,Cotton,Seedling,67.1,41.78,93.39,1.29,8.03,26.99,31.05,Yes
1136,Cotton,Flowering,16.55,28.69,37.36,6.2,6.11,21.41,92.9,Yes
1137,Tomato,Seedling,48.51,38.65,39.3,26.12,7.86,16.7,25.91,Yes
1138,Potato,Flowering,47.31,19.33,32.9,74.42,8.24,10.51,29.27,Yes
1139,Cotton,Flowering,40.65,36.08,63.03,46.52,6.53,14.3,65.76,Yes
1140,Maize,Maturation,55.76,32.53,92.09,76.69,8.48,21.31,0,No
1141,Tomato,Seedling,60.86,29.25,33.34,37.79,7.07,18.82,11.47,No
1142,Sugarcane,Vegetative,29.72,36.57,93.54,18.47,6.44,29.45,85.77,Yes
1143,Cotton,Maturation,53.97,38.77,53.52,28.16,7.02,28.29,37.99,Yes
1144,Potato,Maturation,23.79,37.35,94.14,74.06,6.23,28.19,10.85,No
1145,Maize,Flowering,57.75,24.22,37.67,32.68,7.02,12.97,40.59,Yes
1146,Cotton,Vegetative,62.58,15.42,37.85,21.07,7.16,28.6,37.32,Yes
1147,Rice,Vegetative,62.17,37.51,31.56,13.35,5.72,20.3,81.81,Yes
1148,Tomato,Flowering,17.65,33.82,45.69,23.47,6.51,26.49,79.86,Yes
1149,Soybean,Seedling,69.65,16.22,78.02,28.4,6.85,18.18,0,No
1150,Sugarcane,Maturation,52.01,34.8,77.04,47.16,7.96,20.19,42.67,Yes
1151,Maize,Seedling,45.61,24.99,72.21,30.35,6.82,20.17,3.6,No
1152,Rice,Vegetative,27.84,24.21,66.67,71.78,7.24,26.88,49.55,Yes
1153,Tomato,Flowering,29.37,23.6,41.6,11.46,7.94,24.69,76.22,Yes
1154,Sugarcane,Flowering,15.97,22.69,37.71,21.91,6.82,27.71,106.51,Yes
1155,Sugarcane,Flowering,69.33,35.34,90.09,53.31,5.92,14.14,74.53,Yes
1156,Wheat,Seedling,67.59,29.58,81.93,0.53,8.0,10.52,7.81,No
1157,Cotton,Flowering,66.51,30.42,77.59,41.67,7.99,15.9,54.38,Yes
1158,Rice,Maturation,63.33,28.32,35.65,10.95,6.34,23.37,62.49,Yes
1159,Soybean,Seedling,54.66,21.01,34.83,12.54,6.51,19.07,14.04,No
1160,Rice,Flowering,63.54,16.04,36.53,56.41,7.06,13.81,67.27,Yes
1161,Wheat,Seedling,24.75,30.83,86.69,17.62,6.09,19.4,19.03,No
1162,Potato,Flowering,17.91,32.14,35.77,41.3,7.67,14.28,65.22,Yes
1163,Tomato,Seedling,39.44,31.5,76.15,3.11,7.56,22.27,31.95,Yes
1164,Soybean,Maturation,41.83,40.77,87.06,67.26,8.13,23.36,8.59,No
1165,Potato,Maturation,45.87,29.67,49.2,17.51,8.39,27.94,34.53,Yes
1166,Potato,Flowering,24.84,26.47,41.45,76.51,7.48,16.95,36.15,Yes
1167,Tomato,Vegetative,56.42,28.06,82.31,39.13,6.74,14.7,28.06,Yes
1168,Tomato,Seedling,43.74,23.73,73.87,32.9,7.93,18.5,14.41,No
1169,Sugarcane,Seedling,26.1,34.66,52.09,65.48,6.43,18.2,27.11,Yes
1170,Cotton,Seedling,66.87,31.56,51.43,48.4,5.56,24.44,5.79,No
1171,Tomato,Seedling,56.83,24.0,52.93,61.28,5.69,10.98,0,No
1172,Maize,Maturation,61.58,21.19,82.08,72.85,6.49,14.31,0,No
1173,Cotton,Seedling,12.16,15.54,91.12,8.2,6.69,19.7,31.2,Yes
1174,Cotton,Vegetative,12.03,35.25,82.84,30.23,6.7,26.37,63.97,Yes
1175,Sugarcane,Seedling,14.59,28.62,75.73,58.61,5.56,24.85,21.9,No
1176,Rice,Maturation,21.66,31.35,50.29,25.9,7.04,10.47,67.18,Yes
1177,Sugarcane,Maturation,22.16,22.14,72.64,37.71,6.37,11.86,51.86,Yes
1178,Potato,Flowering,64.46,29.4,45.9,1.38,6.99,17.87,61.87,Yes
1179,Soybean,Seedling,37.14,30.6,31.62,61.7,6.84,19.54,7.04,No
1180,Maize,Seedling,15.72,19.57,86.21,39.18,6.25,12.83,12.48,No
1181,Potato,Vegetative,13.54,28.32,56.77,59.24,8.0,10.73,33.59,Yes
1182,Wheat,Flowering,51.42,35.39,81.66,43.65,6.44,23.04,29.41,Yes
1183,Soybean,Maturation,52.53,28.89,85.81,79.42,5.74,12.1,0,No
1184,Wheat,Vegetative,41.2,18.28,42.83,69.58,5.84,27.71,0.16,No
1185,Potato,Vegetative,47.57,29.16,39.09,69.94,6.75,10.19,26.8,Yes
1186,Sugarcane,Flowering,46.91,25.03,72.26,11.32,7.07,14.09,102.94,Yes
1187,Soybean,Flowering,38.33,20.69,51.46,59.74,8.49,28.56,32.07,Yes
1188,Potato,Seedling,29.06,19.84,60.58,79.46,5.52,24.03,0,No
1189,Cotton,Seedling,42.26,23.94,33.97,37.5,5.97,17.01,16.4,No
1190,Wheat,Vegetative,26.47,37.16,86.43,46.76,6.42,22.49,28.02,Yes
1191,Tomato,Flowering,43.67,32.32,43.17,47.41,5.81,14.33,58.89,Yes
1192,Maize,Maturation,29.81,35.84,68.49,22.18,7.92,27.43,43.86,Yes
1193,Potato,Vegetative,20.09,36.15,94.29,7.31,7.91,12.93,62.2,Yes
1194,Soybean,Seedling,63.76,16.41,63.26,35.18,7.49,16.54,0,No
1195,Rice,Vegetative,43.61,25.19,55.06,37.96,6.44,20.44,60.37,Yes
1196,Cotton,Vegetative,66.73,37.51,76.24,67.19,7.18,19.8,23.09,No
1197,Sugarcane,Seedling,43.47,26.76,52.63,2.02,6.6,19.32,44.78,Yes
1198,Cotton,Vegetative,32.95,19.83,78.6,0.85,6.83,20.52,52.22,Yes
1199,Wheat,Flowering,29.71,39.6,89.53,40.22,5.54,15.46,43.17,Yes
1200,Tomato,Seedling,69.74,34.02,47.82,4.58,7.22,10.61,23.42,No
1201,Potato,Maturation,39.42,27.78,86.87,60.05,7.92,10.76,14.66,No
1202,Maize,Vegetative,62.25,18.55,57.27,67.66,5.67,22.75,4.67,No
1203,Wheat,Flowering,15.85,29.69,93.92,15.53,7.34,10.33,58.1,Yes
1204,Soybean,Vegetative,64.34,30.84,91.38,41.31,8.32,18.06,10.6,No
1205,Wheat,Seedling,21.58,35.55,39.59,21.33,6.02,10.89,27.65,Yes
1206,Tomato,Vegetative,48.12,37.74,91.17,24.89,7.18,12.35,42.93,Yes
1207,Potato,Seedling,43.97,27.5,37.56,7.24,7.69,13.71,22.61,No
1208,Maize,Seedling,23.05,25.11,35.28,57.94,6.24,26.75,6.38,No
1209,Cotton,Vegetative,28.63,25.24,48.66,22.32,7.2,18.28,57.5,Yes
1210,Cotton,Vegetative,68.76,22.0,58.57,7.39,6.57,17.27,41.56,Yes
1211,Potato,Vegetative,12.2,37.54,55.07,43.04,6.13,24.04,48.24,Yes
1212,Sugarcane,Vegetative,30.53,41.15,65.85,59.45,6.31,20.27,71.6,Yes
1213,Cotton,Flowering,23.1,22.04,89.92,41.36,7.39,19.5,57.13,Yes
1214,Tomato,Seedling,29.34,17.82,53.33,72.08,5.98,19.51,0,No
1215,Soybean,Seedling,21.23,24.67,40.58,43.74,7.76,18.78,11.29,No
1216,Tomato,Maturation,38.41,21.58,77.02,48.08,6.95,18.02,12.61,No
1217,Wheat,Vegetative,55.79,39.32,62.95,33.68,7.82,29.08,28.27,Yes
1218,Maize,Flowering,63.2,41.06,91.29,15.88,8.42,25.04,58.86,Yes
1219,Maize,Flowering,57.31,16.45,35.88,63.43,5.92,16.92,22.99,No
1220,Maize,Vegetative,62.98,23.13,35.22,18.89,6.11,11.8,36.61,Yes
1221,Cotton,Vegetative,51.08,37.83,54.33,38.19,6.53,19.42,46.79,Yes
1222,Potato,Maturation,59.88,34.07,79.6,7.67,5.89,25.26,28.24,Yes
1223,Maize,Maturation,56.4,39.25,83.29,58.43,6.77,17.88,15.26,No
1224,Wheat,Vegetative,63.14,19.81,45.29,28.98,7.0,10.03,16.82,No
1225,Tomato,Seedling,48.73,18.73,42.22,16.9,6.81,16.79,15.92,No
1226,Sugarcane,Flowering,33.21,37.17,32.26,76.68,6.77,13.27,82.17,Yes
1227,Rice,Maturation,58.37,24.35,77.62,52.47,6.71,26.14,32.09,Yes
1228,Tomato,Maturation,10.7,32.65,73.56,33.8,5.66,18.5,44.24,Yes
1229,Rice,Maturation,40.12,36.09,76.28,67.53,8.42,12.23,41.98,Yes
1230,Tomato,Seedling,19.02,24.1,90.72,47.21,6.09,26.26,14.3,No
1231,Potato,Maturation,12.91,22.61,37.9,39.17,6.6,27.78,31.76,Yes
1232,Soybean,Flowering,56.01,15.64,47.37,23.46,6.75,18.94,35.16,Yes
1233,Sugarcane,Seedling,45.75,24.65,32.38,59.09,6.25,11.68,23.02,No
1234,Potato,Maturation,63.56,24.33,59.77,49.38,8.26,28.07,8.09,No
1235,Potato,Seedling,14.59,25.07,39.54,78.15,7.41,27.64,0,No
1236,Rice,Flowering,65.65,35.23,57.46,1.79,8.35,15.14,116.09,Yes
1237,Rice,Maturation,67.91,36.43,67.11,79.59,7.35,20.78,26.37,Yes
1238,Wheat,Flowering,44.4,20.81,90.81,21.98,7.57,13.71,29.33,Yes
1239,Wheat,Maturation,64.58,33.31,47.72,32.57,5.56,18.29,15.99,No
1240,Soybean,Seedling,23.28,15.49,51.1,5.1,6.36,24.24,25.59,Yes
1241,Potato,Maturation,48.09,23.88,55.29,74.39,5.54,16.81,0,No
1242,Potato,Maturation,22.64,33.84,73.74,20.46,5.6,27.05,44.4,Yes
1243,Rice,Maturation,43.68,24.32,43.49,78.79,6.61,15.84,27.27,Yes
1244,Wheat,Vegetative,47.49,19.5,52.86,34.52,8.49,10.47,21.54,No
1245,Sugarcane,Maturation,69.38,25.13,64.94,30.27,8.35,12.47,34.84,Yes
1246,Rice,Flowering,20.72,19.3,80.54,58.76,6.7,18.17,84.95,Yes
1247,Cotton,Maturation,64.03,22.53,80.08,50.42,7.49,23.74,5.33,No
1248,Tomato,Vegetative,61.54,28.36,60.15,66.09,6.85,28.48,13.84,No
1249,Maize,Maturation,27.3,29.38,51.71,37.12,6.02,28.15,28.02,Yes
1250,Tomato,Maturation,21.33,15.78,44.57,48.78,7.01,11.61,24.94,No
1251,Tomato,Seedling,29.5,21.75,67.0,37.75,5.77,17.41,13.4,No
1252,Tomato,Vegetative,61.02,19.36,53.99,69.97,6.03,28.74,2.78,No
1253,Cotton,Flowering,17.96,16.75,32.01,46.21,6.88,23.67,61.72,Yes
1254,Maize,Maturation,40.01,18.0,69.26,26.5,8.26,13.19,20.53,No
1255,Potato,Seedling,10.41,15.87,74.0,69.37,8.49,27.24,0,No
1256,Sugarcane,Seedling,52.95,31.39,94.3,57.18,6.82,26.56,14.53,No
1257,Wheat,Flowering,58.7,37.36,77.13,3.19,6.7,28.55,50.52,Yes
1258,Rice,Seedling,18.76,22.09,83.64,60.29,5.84,13.38,20.13,No
1259,Tomato,Flowering,18.52,21.56,61.37,21.16,6.49,23.87,64.5,Yes
1260,Cotton,Flowering,30.55,33.61,51.49,36.03,6.27,15.51,75.65,Yes
1261,Wheat,Vegetative,18.88,22.79,44.37,29.67,6.59,15.82,36.85,Yes
1262,Sugarcane,Maturation,52.78,33.18,40.04,64.42,5.89,22.15,35.62,Yes
1263,Tomato,Flowering,48.21,15.76,43.76,24.24,7.25,15.19,52.74,Yes
1264,Tomato,Maturation,47.11,19.6,52.37,12.47,8.06,16.29,26.86,Yes
1265,Soybean,Maturation,61.92,28.1,40.99,42.02,6.03,27.94,18.79,No
1266,Soybean,Vegetative,28.56,21.06,48.09,62.24,7.87,23.0,18.74,No
1267,Soybean,Maturation,37.56,39.64,88.91,67.2,8.04,25.66,8.62,No
1268,Cotton,Flowering,49.85,25.76,36.42,26.36,5.7,21.07,67.2,Yes
1269,Rice,Seedling,36.8,29.12,45.9,63.78,6.05,28.73,26.15,Yes
1270,Potato,Vegetative,12.41,31.45,65.88,7.31,6.07,26.61,60.97,Yes
1271,Rice,Vegetative,41.35,16.64,44.79,46.85,7.24,19.29,52.54,Yes
1272,Soybean,Seedling,21.79,18.14,35.42,15.79,7.13,14.3,22.38,No
1273,Potato,Flowering,44.16,30.71,85.97,8.92,8.16,25.55,63.89,Yes
1274,Potato,Seedling,25.1,25.99,47.6,50.49,6.49,19.67,17.47,No
1275,Sugarcane,Flowering,25.85,29.37,52.17,54.23,7.01,22.52,93.57,Yes
1276,Maize,Maturation,10.39,39.12,63.12,39.66,6.04,25.21,46.09,Yes
1277,Sugarcane,Seedling,65.52,26.97,71.46,43.09,6.05,25.58,15.27,No
1278,Sugarcane,Flowering,55.99,27.74,74.51,74.2,6.13,23.44,60.95,Yes
1279,Soybean,Vegetative,21.51,25.7,41.17,12.64,7.49,16.51,47.08,Yes
1280,Tomato,Flowering,23.72,22.1,90.73,66.76,6.61,16.12,39.85,Yes
1281,Soybean,Flowering,36.98,26.48,55.58,33.37,7.79,18.08,50.12,Yes
1282,Maize,Maturation,56.02,15.53,75.78,16.69,7.65,15.9,14.76,No
1283,Soybean,Seedling,29.31,36.35,51.17,44.8,6.1,14.3,12.37,No
1284,Rice,Seedling,24.59,23.79,61.18,57.7,6.91,29.42,26.06,Yes
1285,Wheat,Maturation,51.27,39.54,61.66,22.41,7.32,17.5,31.11,Yes
1286,Sugarcane,Flowering,36.29,22.67,60.67,70.47,5.72,29.54,73.34,Yes
1287,Tomato,Vegetative,62.44,30.92,67.32,44.95,6.81,16.56,23.96,No
1288,Sugarcane,Seedling,18.43,35.79,86.6,55.94,7.72,29.14,31.03,Yes
1289,Soybean,Maturation,54.84,20.8,50.88,18.21,6.59,13.98,21.25,No
1290,Wheat,Vegetative,17.15,26.09,55.76,38.91,5.64,20.57,31.78,Yes
1291,Soybean,Seedling,43.94,41.88,92.39,69.85,6.48,20.78,0,No
1292,Rice,Seedling,43.92,41.3,80.74,42.54,7.9,26.93,39.74,Yes
1293,Rice,Maturation,46.6,41.81,78.87,61.37,6.79,15.54,39.4,Yes
1294,Maize,Flowering,14.38,32.49,52.09,42.22,7.58,26.4,65.68,Yes
1295,Tomato,Seedling,34.09,22.93,70.54,31.2,5.53,16.45,18.98,No
1296,Soybean,Maturation,49.22,20.41,83.4,74.03,8.18,24.3,0,No
1297,Maize,Vegetative,56.38,20.57,41.8,2.1,7.31,26.89,43.27,Yes
1298,Rice,Flowering,62.23,40.07,72.78,16.14,5.99,29.82,102.5,Yes
1299,Cotton,Vegetative,56.34,15.74,87.05,75.55,5.87,28.96,11.18,No
1300,Cotton,Maturation,12.95,26.84,42.91,61.68,7.27,12.49,32.97,Yes
1301,Maize,Seedling,19.77,20.66,91.15,59.25,6.58,29.91,0,No
1302,Rice,Flowering,38.68,28.74,91.42,1.29,6.64,18.4,112.21,Yes
1303,Rice,Flowering,31.62,23.37,34.24,75.68,7.46,14.59,79.76,Yes
1304,Tomato,Maturation,10.95,41.03,77.43,71.79,5.64,26.95,25.79,Yes
1305,Maize,Seedling,17.68,19.21,75.18,60.98,5.68,26.05,3.47,No
1306,Soybean,Maturation,59.4,26.32,41.35,41.49,5.95,26.19,8.06,No
1307,Maize,Flowering,62.74,17.95,40.55,39.8,6.42,22.51,37.76,Yes
1308,Soybean,Seedling,57.0,23.95,87.77,2.74,8.12,28.27,11.55,No
1309,Wheat,Maturation,55.75,34.51,41.03,8.01,6.55,14.45,31.17,Yes
1310,Potato,Maturation,69.0,38.12,64.89,10.75,7.31,22.74,33.32,Yes
1311,Sugarcane,Maturation,38.17,39.38,38.33,52.51,6.6,22.27,52.51,Yes
1312,Cotton,Vegetative,23.16,18.5,91.25,18.04,5.75,11.9,45.49,Yes
1313,Tomato,Flowering,63.22,17.84,44.7,14.77,7.48,16.57,58.29,Yes
1314,Sugarcane,Vegetative,29.68,25.12,39.44,58.91,8.05,24.96,58.13,Yes
1315,Tomato,Seedling,57.65,41.45,30.93,50.77,8.01,14.76,16.71,No
1316,Potato,Maturation,61.46,20.07,86.52,77.66,6.72,29.85,0,No
1317,Potato,Flowering,42.75,18.18,48.15,61.48,8.27,16.75,33.78,Yes
1318,Potato,Maturation,49.79,33.04,52.25,41.53,5.69,17.31,21.47,No
1319,Wheat,Vegetative,15.68,41.33,83.96,9.62,7.64,12.53,53.49,Yes
1320,Rice,Vegetative,33.85,40.41,94.91,15.59,8.02,14.44,90.45,Yes
1321,Wheat,Vegetative,54.0,24.56,69.06,12.14,8.08,20.5,28.5,Yes
1322,Cotton,Vegetative,32.47,17.7,40.77,50.75,7.35,26.86,32.97,Yes
1323,Maize,Maturation,61.5,22.52,92.34,75.91,6.39,28.02,0,No
1324,Potato,Flowering,18.17,40.33,30.02,20.11,7.17,16.23,81.83,Yes
1325,Rice,Seedling,55.31,18.79,61.26,12.82,8.42,29.53,35.27,Yes
1326,Maize,Maturation,33.46,20.22,84.23,5.64,8.39,15.52,31.93,Yes
1327,Tomato,Seedling,53.56,30.82,73.7,16.47,5.93,15.51,18.94,No
1328,Sugarcane,Seedling,56.3,31.16,45.09,35.06,7.97,20.83,33.89,Yes
1329,Potato,Vegetative,14.22,41.43,89.18,27.31,6.32,29.76,51.78,Yes
1330,Rice,Maturation,35.55,19.55,76.13,69.24,6.96,15.82,32.66,Yes
1331,Rice,Seedling,69.86,31.29,68.94,29.0,8.11,23.3,31.24,Yes
1332,Tomato,Seedling,48.28,38.36,48.21,57.92,6.33,15.03,5.59,No
1333,Soybean,Maturation,50.02,21.78,53.18,1.03,7.64,19.71,28.1,Yes
1334,Tomato,Flowering,16.24,36.08,76.05,44.85,8.01,17.52,66.45,Yes
1335,Tomato,Seedling,46.1,30.94,81.58,76.33,7.23,12.35,0,No
1336,Tomato,Maturation,53.1,16.08,72.06,35.22,6.88,27.27,9.38,No
1337,Wheat,Maturation,58.79,31.96,80.55,53.53,5.58,21.34,7.37,No
1338,Rice,Flowering,65.24,36.65,77.39,67.95,6.26,26.37,76.74,Yes
1339,Soybean,Flowering,68.41,21.71,58.99,3.82,6.87,29.82,44.8,Yes
1340,Cotton,Flowering,54.44,35.34,80.76,13.76,7.0,11.78,78.31,Yes
1341,Soybean,Vegetative,28.99,23.26,89.42,7.23,6.72,22.44,37.76,Yes
1342,Cotton,Flowering,61.36,28.11,51.91,35.02,6.58,13.18,54.27,Yes
1343,Maize,Flowering,10.96,20.12,50.18,40.49,7.43,15.92,54.69,Yes
1344,Rice,Vegetative,15.6,34.21,89.46,53.06,8.06,12.92,71.49,Yes
1345,Soybean,Flowering,33.81,39.87,36.74,76.49,7.94,27.75,39.55,Yes
1346,Rice,Flowering,69.97,26.95,32.65,43.84,7.5,15.48,88.51,Yes
1347,Potato,Vegetative,59.99,41.55,45.95,18.07,7.44,14.32,51.55,Yes
1348,Wheat,Maturation,60.28,26.19,65.83,45.45,6.74,26.96,1.42,No
1349,Tomato,Maturation,54.81,34.08,93.82,64.27,6.29,17.4,13.84,No
1350,Soybean,Flowering,14.62,33.72,50.91,66.2,7.61,25.91,42.25,Yes
1351,Maize,Seedling,68.86,36.17,62.98,38.06,6.44,26.15,3.12,No
1352,Cotton,Maturation,26.15,37.59,59.92,35.03,7.27,11.29,43.2,Yes
1353,Maize,Seedling,43.6,30.09,33.74,27.81,8.1,12.96,21.21,No
1354,Sugarcane,Flowering,66.84,34.65,76.38,39.26,7.61,28.85,80.39,Yes
1355,Tomato,Vegetative,49.71,23.37,75.32,24.37,6.2,25.97,33.27,Yes
1356,Soybean,Seedling,68.25,16.43,79.04,47.0,7.82,11.42,0,No
1357,Rice,Maturation,53.82,34.78,46.17,48.12,7.78,13.59,50.13,Yes
1358,Potato,Seedling,29.91,17.54,56.23,56.07,7.56,26.1,3.54,No
1359,Tomato,Maturation,18.31,24.27,36.23,28.41,7.62,27.58,39.54,Yes
1360,Tomato,Vegetative,23.6,41.61,71.15,27.18,7.76,20.48,60.59,Yes
1361,Wheat,Seedling,68.92,16.6,54.25,13.48,8.39,20.58,1.79,No
1362,Wheat,Flowering,61.56,40.8,42.25,49.67,6.05,14.37,36.43,Yes
1363,Soybean,Seedling,62.33,39.64,68.98,45.92,8.17,24.13,5.84,No
1364,Maize,Maturation,11.82,16.05,64.94,76.64,8.32,26.14,3.76,No
1365,Sugarcane,Flowering,16.47,33.44,68.36,13.39,5.8,13.86,117.03,Yes
1366,Soybean,Maturation,65.72,29.8,55.27,35.83,5.85,21.09,15.77,No
1367,Soybean,Vegetative,31.94,21.47,83.14,15.07,6.71,17.17,41.25,Yes
1368,Rice,Seedling,49.81,23.65,64.28,46.01,7.1,17.88,17.97,No
1369,Cotton,Flowering,29.22,27.09,42.87,75.54,6.78,18.7,51.86,Yes
1370,Rice,Flowering,43.68,31.46,49.88,79.38,7.81,25.42,78.85,Yes
1371,Wheat,Seedling,21.28,17.41,87.99,59.83,7.21,13.47,0,No
1372,Wheat,Seedling,68.01,25.39,52.86,43.02,7.97,23.68,0,No
1373,Tomato,Vegetative,40.52,33.39,32.91,17.16,6.87,13.71,58.46,Yes
1374,Cotton,Maturation,22.4,32.29,31.01,73.77,6.12,23.79,30.93,Yes
1375,Sugarcane,Seedling,64.26,32.81,89.49,26.46,6.03,17.8,26.8,Yes
1376,Tomato,Seedling,19.36,31.17,70.41,20.65,8.27,23.61,39.95,Yes
1377,Sugarcane,Vegetative,66.42,32.64,89.39,32.74,5.53,26.47,51.63,Yes
1378,Cotton,Maturation,25.21,15.28,75.01,3.34,7.8,12.58,46.24,Yes
1379,Cotton,Seedling,48.26,18.11,88.64,39.08,6.05,16.55,4.51,No
1380,Tomato,Flowering,42.18,22.69,67.06,8.68,5.86,26.46,65.08,Yes
1381,Cotton,Seedling,43.28,28.45,38.26,79.64,6.91,12.19,0.65,No
1382,Maize,Seedling,55.75,36.77,45.71,49.23,6.81,12.86,15.27,No
1383,Wheat,Vegetative,56.11,34.57,32.84,1.14,5.96,27.19,45.71,Yes
1384,Potato,Vegetative,64.09,16.52,54.7,75.75,7.02,14.5,0,No
1385,Cotton,Flowering,49.48,26.85,86.64,5.55,6.24,20.57,69.85,Yes
1386,Soybean,Seedling,16.68,16.76,63.67,1.4,7.66,24.48,26.9,Yes
1387,Soybean,Flowering,12.31,39.34,74.48,0.47,5.51,11.17,78.19,Yes
1388,Cotton,Seedling,43.82,17.0,72.18,72.86,8.31,22.9,0,No
1389,Sugarcane,Maturation,36.98,35.2,74.39,49.01,6.54,29.76,40.24,Yes
1390,Maize,Maturation,42.19,24.72,39.39,50.97,6.02,29.35,18.39,No
1391,Sugarcane,Vegetative,32.08,15.57,82.35,11.52,6.88,24.21,65.43,Yes
1392,Tomato,Vegetative,60.41,24.53,91.22,33.69,6.75,24.67,25.38,Yes
1393,Potato,Maturation,37.81,24.12,73.25,10.65,7.09,14.92,31.95,Yes
1394,Soybean,Maturation,42.89,35.63,56.53,51.52,6.14,12.83,14.33,No
1395,Rice,Maturation,28.02,37.49,80.35,49.89,5.65,14.34,53.13,Yes
1396,Tomato,Maturation,20.82,26.96,75.11,30.88,7.5,15.47,34.97,Yes
1397,Maize,Maturation,44.5,36.62,39.79,25.32,6.24,24.77,38.14,Yes
1398,Wheat,Seedling,57.22,17.32,30.56,68.98,5.66,27.05,0,No
1399,Soybean,Flowering,22.18,19.07,43.85,67.25,6.59,28.18,27.31,Yes
1400,Potato,Flowering,52.22,22.82,36.6,44.95,8.2,13.04,39.08,Yes
1401,Tomato,Seedling,41.94,31.69,40.29,44.19,6.91,29.67,15.05,No
1402,Rice,Vegetative,64.55,17.62,32.56,70.42,6.92,19.54,33.15,Yes
1403,Wheat,Flowering,65.86,30.79,41.82,71.52,8.41,28.93,10.05,No
1404,Rice,Flowering,14.13,18.64,49.51,31.49,5.95,29.86,101.54,Yes
1405,Cotton,Flowering,27.54,36.41,81.13,28.38,8.45,19.89,74.36,Yes
1406,Maize,Flowering,61.08,20.18,48.22,41.63,8.25,19.79,33.39,Yes
1407,Maize,Seedling,48.96,33.91,47.1,79.69,6.51,15.46,0,No
1408,Rice,Flowering,43.08,18.53,93.59,49.93,7.7,10.38,76.45,Yes
1409,Tomato,Vegetative,64.27,25.26,32.34,53.75,7.59,16.71,25.7,Yes
1410,Tomato,Maturation,52.44,18.57,52.51,20.93,6.08,15.63,18.98,No
1411,Rice,Maturation,65.13,17.29,73.3,25.49,7.03,12.27,39.06,Yes
1412,Rice,Vegetative,14.46,25.08,40.01,64.12,7.84,27.27,62.17,Yes
1413,Wheat,Seedling,54.19,24.21,89.08,5.63,7.25,29.31,13.67,No
1414,Soybean,Seedling,46.75,16.52,39.02,73.44,8.28,13.71,0,No
1415,Rice,Seedling,35.98,33.51,43.66,57.36,6.66,22.51,34.14,Yes
1416,Potato,Vegetative,38.15,34.75,68.47,68.87,6.83,20.15,29.01,Yes
1417,Rice,Vegetative,68.45,22.11,87.08,46.03,6.07,12.48,45.37,Yes
1418,Soybean,Vegetative,19.75,32.15,68.5,48.12,7.02,15.71,32.55,Yes
1419,Tomato,Flowering,59.47,34.86,64.49,52.39,8.4,15.03,47.26,Yes
1420,Rice,Maturation,30.65,34.79,70.29,65.42,5.74,25.29,44.22,Yes
1421,Potato,Seedling,68.63,33.21,50.7,61.71,8.24,23.96,0,No
1422,Sugarcane,Flowering,37.05,35.04,61.23,39.98,7.79,16.27,90.87,Yes
1423,Cotton,Vegetative,45.23,16.15,52.94,37.2,6.88,28.47,38.86,Yes
1424,Potato,Maturation,37.13,18.84,78.79,33.57,5.57,12.79,10.01,No
1425,Soybean,Maturation,69.39,32.07,55.96,1.12,7.87,23.24,31.82,Yes
1426,Maize,Vegetative,15.69,25.56,39.74,26.99,5.57,17.84,54.27,Yes
1427,Sugarcane,Flowering,23.66,28.14,77.04,34.63,8.34,13.2,96.71,Yes
1428,Rice,Seedling,67.18,34.06,69.51,11.32,7.06,19.88,39.09,Yes
1429,Cotton,Maturation,39.43,40.84,71.05,27.09,6.43,22.37,42.6,Yes
1430,Sugarcane,Flowering,53.49,36.79,86.17,29.57,8.41,11.26,89.21,Yes
1431,Potato,Flowering,35.02,20.66,51.2,18.68,8.12,16.25,64.94,Yes
1432,Sugarcane,Flowering,44.63,23.94,42.63,10.17,6.47,22.65,97.26,Yes
1433,Cotton,Vegetative,58.8,21.73,66.61,71.24,6.44,27.61,12.98,No
1434,Soybean,Seedling,41.75,27.49,88.53,75.77,7.68,11.34,0,No
1435,Tomato,Vegetative,57.48,22.46,39.3,67.82,5.68,14.93,14.38,No
1436,Potato,Vegetative,57.02,40.83,61.51,25.13,8.15,14.0,42.08,Yes
1437,Cotton,Seedling,27.74,16.64,87.51,41.88,7.01,14.96,4.83,No
1438,Wheat,Flowering,25.66,18.89,31.64,52.13,7.79,11.57,36.81,Yes
1439,Potato,Vegetative,36.8,25.31,40.2,35.53,6.44,28.74,35.82,Yes
1440,Potato,Flowering,19.77,18.47,92.15,9.91,8.1,21.05,61.13,Yes
1441,Soybean,Vegetative,28.92,34.45,65.76,50.31,7.44,17.91,29.33,Yes
1442,Wheat,Flowering,29.44,35.43,32.56,40.94,7.67,24.27,55.77,Yes
1443,Potato,Seedling,65.62,18.78,36.65,13.07,7.64,11.84,8.94,No
1444,Rice,Maturation,30.61,16.88,56.04,4.97,6.75,25.79,65.54,Yes
1445,Maize,Seedling,58.86,27.11,37.49,72.91,6.28,14.79,0,No
1446,Wheat,Vegetative,38.72,16.14,79.3,76.0,8.36,12.75,0,No
1447,Soybean,Flowering,33.25,32.13,55.73,40.82,6.37,10.47,48.95,Yes
1448,Rice,Seedling,22.01,15.97,44.92,39.32,6.55,11.61,29.54,Yes
1449,Soybean,Vegetative,33.83,19.11,30.48,50.21,7.37,15.31,20.98,No
1450,Cotton,Flowering,30.07,23.83,46.92,9.53,6.36,10.58,82.85,Yes
1451,Tomato,Vegetative,21.09,16.12,82.3,59.43,8.12,14.0,18.9,No
1452,Cotton,Flowering,31.66,16.47,70.7,45.35,8.15,15.05,50.61,Yes
1453,Wheat,Flowering,10.74,37.4,85.92,16.51,8.34,17.77,59.94,Yes
1454,Maize,Maturation,38.81,31.11,81.68,53.36,8.31,11.55,23.07,No
1455,Rice,Seedling,61.16,31.72,85.72,75.74,8.29,16.07,2.33,No
1456,Maize,Seedling,13.21,20.81,42.4,33.85,8.13,11.52,24.71,No
1457,Tomato,Seedling,27.85,15.94,37.8,11.35,6.87,28.64,33.88,Yes
1458,Rice,Seedling,62.82,40.17,41.35,9.01,7.67,19.1,50.6,Yes
1459,Sugarcane,Flowering,11.35,30.21,34.11,55.34,6.15,17.95,97.75,Yes
1460,Tomato,Maturation,34.75,41.27,67.49,3.52,5.69,25.39,56.81,Yes
1461,Sugarcane,Flowering,53.13,20.47,47.37,53.7,8.39,13.76,70.64,Yes
1462,Wheat,Maturation,43.54,33.98,81.48,57.25,7.73,15.73,0.84,No
1463,Rice,Flowering,37.38,27.76,40.65,52.69,6.61,21.02,95.79,Yes
1464,Soybean,Maturation,20.44,25.85,60.39,27.79,6.38,26.28,34.43,Yes
1465,Potato,Maturation,31.62,26.66,69.14,70.78,6.5,17.17,3.01,No
1466,Maize,Seedling,30.61,39.79,93.88,11.6,6.52,22.65,34.75,Yes
1467,Maize,Vegetative,68.63,36.39,83.6,31.71,7.97,27.61,33.02,Yes
1468,Rice,Seedling,25.28,29.86,91.25,59.18,7.55,25.75,25.27,Yes
1469,Potato,Seedling,29.53,37.58,54.27,74.95,7.07,26.39,7.18,No
1470,Tomato,Seedling,23.55,32.39,40.12,55.52,7.76,24.32,22.45,No
1471,Rice,Maturation,18.66,16.95,91.76,19.35,6.72,26.5,54.35,Yes
1472,Cotton,Seedling,10.97,22.99,43.46,66.21,7.54,11.34,14.03,No
1473,Potato,Seedling,35.32,24.65,56.2,55.83,6.4,17.75,4.07,No
1474,Potato,Seedling,50.75,41.38,62.5,28.12,6.27,19.47,26.44,Yes
1475,Tomato,Seedling,35.36,30.85,87.24,75.93,7.55,29.89,0,No
1476,Rice,Maturation,25.13,17.49,45.95,66.45,7.39,11.88,42.09,Yes
1477,Tomato,Flowering,24.48,41.57,32.23,24.79,7.83,27.09,85.88,Yes
1478,Wheat,Vegetative,45.61,33.23,31.84,40.5,5.71,13.62,32.33,Yes
1479,Sugarcane,Maturation,58.08,29.46,77.08,20.26,5.85,20.33,49.16,Yes
1480,Maize,Seedling,27.42,23.95,37.13,12.38,8.01,13.98,33.35,Yes
1481,Potato,Vegetative,10.34,35.94,82.44,72.43,7.82,10.88,33.16,Yes
1482,Potato,Vegetative,52.83,36.83,91.62,9.29,5.99,12.64,48.44,Yes
1483,Wheat,Maturation,39.77,36.45,57.95,56.67,8.19,17.37,10.22,No
1484,Wheat,Flowering,36.18,33.96,34.35,6.98,8.13,23.29,62.71,Yes
1485,Potato,Maturation,40.43,21.57,90.31,11.0,5.57,11.73,27.81,Yes
1486,Soybean,Flowering,38.67,41.21,72.66,46.57,5.85,10.8,51.15,Yes
1487,Cotton,Vegetative,28.02,35.16,55.4,29.75,7.03,10.24,57.4,Yes
1488,Wheat,Flowering,62.82,18.7,89.85,68.85,7.9,13.77,1.07,No
1489,Potato,Maturation,38.72,17.67,55.21,50.67,7.12,26.08,10.98,No
1490,Maize,Seedling,38.66,41.73,34.72,13.18,7.38,18.27,41.36,Yes
1491,Soybean,Vegetative,59.68,25.97,78.9,3.43,6.46,17.89,36.06,Yes
1492,Soybean,Maturation,36.99,37.58,44.61,72.6,6.94,28.99,17.8,No
1493,Tomato,Vegetative,24.48,29.07,62.31,6.0,7.3,18.35,57.78,Yes
1494,Maize,Seedling,32.17,25.62,60.19,64.54,8.25,16.07,0,No
1495,Soybean,Flowering,61.32,27.69,61.71,60.59,8.02,21.79,19.85,No
1496,Maize,Maturation,30.22,33.67,93.39,42.62,7.35,11.26,22.85,No
1497,Sugarcane,Flowering,62.49,31.05,44.81,74.15,6.47,14.79,70.45,Yes
1498,Cotton,Flowering,41.06,26.11,47.15,33.91,7.48,25.37,73.43,Yes
1499,Maize,Flowering,21.4,33.52,76.32,44.23,6.11,19.25,55.71,Yes
1500,Sugarcane,Vegetative,22.34,36.33,83.98,14.65,7.44,19.94,86.02,Yes
1501,Cotton,Maturation,39.06,22.31,66.93,42.99,5.94,22.12,23.56,No
1502,Tomato,Seedling,13.99,36.92,46.56,39.6,8.3,21.01,41.97,Yes
1503,Sugarcane,Maturation,21.95,16.38,57.8,78.54,7.29,19.53,24.24,No
1504,Maize,Seedling,31.68,36.64,33.54,67.77,6.33,20.97,12.71,No
1505,Sugarcane,Vegetative,57.03,40.0,74.64,16.39,8.17,21.33,78.51,Yes
1506,Sugarcane,Flowering,35.79,21.22,70.19,45.65,6.3,21.05,80.98,Yes
1507,Cotton,Vegetative,11.38,30.77,79.55,13.75,8.4,17.67,66.71,Yes
1508,Maize,Seedling,44.27,31.58,93.32,64.76,5.87,14.92,0,No
1509,Tomato,Vegetative,24.52,31.46,87.97,73.41,6.34,10.06,24.94,No
1510,Tomato,Maturation,22.8,17.71,35.33,56.99,6.83,24.78,17.43,No
1511,Tomato,Maturation,11.38,35.66,43.33,53.86,6.81,27.5,39.21,Yes
1512,Tomato,Maturation,46.39,25.07,75.72,48.08,7.6,17.55,15.62,No
1513,Tomato,Vegetative,23.08,24.54,47.82,57.19,8.2,17.59,41.12,Yes
1514,Cotton,Seedling,37.13,36.6,55.28,27.61,6.64,19.82,27.03,Yes
1515,Potato,Maturation,15.37,21.88,44.86,29.33,8.49,19.57,37.84,Yes
1516,Cotton,Seedling,68.75,24.84,79.45,7.2,8.25,11.85,21.98,No
1517,Wheat,Flowering,14.76,40.16,59.45,23.45,8.08,15.57,66.95,Yes
1518,Sugarcane,Vegetative,41.23,21.26,36.0,4.17,7.46,25.69,77.94,Yes
1519,Maize,Flowering,42.88,40.43,88.17,18.9,7.92,13.91,64.76,Yes
1520,Rice,Flowering,59.04,19.83,38.07,37.0,7.78,24.46,84.95,Yes
1521,Maize,Vegetative,24.74,15.24,85.6,61.31,7.04,10.41,13.77,No
1522,Maize,Vegetative,12.9,19.21,38.6,68.94,8.0,21.48,25.92,Yes
1523,Sugarcane,Maturation,24.75,19.73,37.14,19.86,7.42,25.09,62.05,Yes
1524,Wheat,Flowering,37.65,36.57,74.04,31.6,7.12,18.08,47.98,Yes
1525,Potato,Flowering,57.18,30.59,84.45,32.42,6.25,28.74,48.18,Yes
1526,Maize,Seedling,22.41,31.19,53.89,23.88,7.31,18.25,35.1,Yes
1527,Tomato,Flowering,32.42,23.49,42.92,1.28,6.81,22.77,81.36,Yes
1528,Maize,Flowering,33.78,18.84,88.53,72.29,6.26,17.98,29.43,Yes
1529,Potato,Flowering,62.94,27.51,57.03,4.11,8.34,27.94,60.94,Yes
1530,Wheat,Flowering,37.91,25.44,72.47,34.67,7.29,17.1,35.31,Yes
1531,Potato,Seedling,66.04,38.45,61.16,28.2,6.08,28.44,19.77,No
1532,Maize,Flowering,13.59,28.76,70.99,29.7,6.85,16.68,72.64,Yes
1533,Potato,Flowering,47.31,22.69,33.31,41.36,5.87,18.77,40.97,Yes
1534,Wheat,Seedling,69.92,19.14,83.61,26.41,7.64,24.63,0,No
1535,Sugarcane,Vegetative,18.53,39.7,36.06,30.71,6.68,10.84,87.16,Yes
1536,Cotton,Maturation,44.16,26.27,83.68,12.13,7.14,15.1,44.76,Yes
1537,Cotton,Seedling,69.46,19.41,32.43,58.18,7.86,14.38,0,No
1538,Potato,Seedling,14.8,27.41,88.46,49.34,8.44,27.01,11.15,No
1539,Sugarcane,Flowering,47.89,23.82,40.11,54.56,7.65,20.4,77.37,Yes
1540,Cotton,Vegetative,58.9,26.71,47.69,75.2,6.4,29.46,23.02,No
1541,Tomato,Seedling,67.13,23.11,86.1,8.52,5.94,14.47,12.75,No
1542,Cotton,Maturation,64.31,40.0,75.33,40.47,6.74,18.0,21.69,No
1543,Soybean,Flowering,14.87,19.39,61.28,74.27,5.7,16.28,31.7,Yes
1544,Tomato,Vegetative,34.85,41.42,51.7,29.63,6.42,19.73,55.57,Yes
1545,Potato,Maturation,45.31,25.94,85.21,22.92,7.33,13.3,24.83,No
1546,Tomato,Seedling,16.04,17.22,77.93,12.0,6.79,27.93,28.92,Yes
1547,Maize,Seedling,10.13,19.79,38.68,78.7,6.6,23.71,1.94,No
1548,Rice,Seedling,19.91,23.36,36.5,79.71,5.75,10.79,17.9,No
1549,Wheat,Vegetative,57.37,39.22,83.57,39.23,6.3,15.83,22.88,No
1550,Sugarcane,Vegetative,13.9,31.37,46.9,51.48,7.6,11.92,71.77,Yes
1551,Cotton,Flowering,11.92,38.01,73.23,55.59,7.93,17.18,69.86,Yes
1552,Tomato,Maturation,58.42,21.35,94.0,24.75,6.48,14.81,16.1,No
1553,Maize,Vegetative,12.21,16.59,86.88,11.81,8.49,12.52,45.03,Yes
1554,Soybean,Flowering,44.76,34.4,58.3,9.81,7.43,28.85,59.56,Yes
1555,Sugarcane,Vegetative,63.74,32.72,53.67,31.26,6.54,10.98,65.93,Yes
1556,Tomato,Vegetative,58.75,27.51,92.83,62.7,8.09,18.99,9.68,No
1557,Soybean,Maturation,49.5,40.87,78.85,69.45,6.05,27.38,8.51,No
1558,Rice,Maturation,62.53,24.03,32.73,11.23,7.04,19.91,58.64,Yes
1559,Sugarcane,Vegetative,53.25,26.28,80.11,50.52,7.63,26.0,48.29,Yes
1560,Potato,Vegetative,22.66,23.98,72.81,58.92,7.01,20.62,25.9,Yes
1561,Cotton,Maturation,56.18,34.74,32.56,77.13,7.27,15.8,18.18,No
1562,Sugarcane,Flowering,11.07,30.91,92.73,5.02,7.99,18.34,115.31,Yes
1563,Potato,Vegetative,65.39,37.54,44.49,21.18,8.17,27.04,44.43,Yes
1564,Sugarcane,Maturation,25.92,29.33,32.64,76.16,6.85,17.94,35.05,Yes
1565,Tomato,Seedling,67.52,36.66,47.79,65.15,7.14,18.34,0,No
1566,Sugarcane,Seedling,39.8,30.66,64.72,44.19,7.84,27.1,28.72,Yes
1567,Tomato,Flowering,20.63,32.71,30.92,34.36,6.49,14.91,73.74,Yes
1568,Sugarcane,Vegetative,49.45,33.14,57.01,72.48,6.11,13.28,48.11,Yes
1569,Rice,Flowering,28.57,29.64,65.66,5.49,8.45,27.46,117.84,Yes
1570,Cotton,Seedling,56.72,36.45,91.38,77.21,5.84,19.03,0,No
1571,Rice,Maturation,40.65,27.99,69.93,62.84,6.57,11.84,39.65,Yes
1572,Sugarcane,Seedling,64.66,31.75,93.01,61.32,8.48,13.25,11.79,No
1573,Soybean,Vegetative,41.33,33.62,42.62,79.29,7.77,17.03,13.73,No
1574,Tomato,Seedling,58.44,35.95,56.16,13.4,7.36,19.67,29.77,Yes
1575,Rice,Vegetative,60.07,40.21,80.75,44.6,6.87,16.44,60.35,Yes
1576,Wheat,Maturation,21.28,30.42,31.11,53.17,6.62,16.77,26.3,Yes
1577,Wheat,Flowering,61.72,17.3,84.8,47.57,7.18,12.33,14.45,No
1578,Soybean,Seedling,47.5,15.88,84.29,25.37,6.44,26.44,2.01,No
1579,Sugarcane,Seedling,61.52,16.48,49.51,77.13,5.91,15.17,0,No
1580,Soybean,Maturation,68.88,41.33,53.65,39.86,7.72,18.14,19.72,No
1581,Wheat,Flowering,29.67,34.22,86.52,74.51,7.31,27.03,23.9,No
1582,Sugarcane,Flowering,29.1,18.34,67.47,46.58,5.74,10.98,82.14,Yes
1583,Sugarcane,Seedling,58.69,29.82,67.53,55.24,6.39,21.05,12.75,No
1584,Wheat,Flowering,65.13,26.34,72.76,21.52,5.66,11.37,38.94,Yes
1585,Wheat,Seedling,63.48,16.15,82.62,32.48,5.82,13.18,0,No
1586,Cotton,Seedling,30.04,20.0,89.68,56.06,5.81,26.24,0.14,No
1587,Potato,Vegetative,53.72,18.42,77.96,65.77,7.55,14.77,0.87,No
1588,Sugarcane,Vegetative,39.56,21.42,57.93,49.06,6.67,26.5,56.57,Yes
1589,Sugarcane,Flowering,18.17,41.29,56.75,46.27,6.31,22.33,109.23,Yes
1590,Sugarcane,Maturation,10.09,18.09,68.4,59.74,7.57,21.53,36.3,Yes
1591,Rice,Vegetative,17.95,16.09,94.88,59.59,7.69,23.68,54.08,Yes
1592,Rice,Seedling,49.11,34.37,83.95,1.1,5.82,14.13,51.27,Yes
1593,Maize,Vegetative,53.46,36.21,86.47,26.01,6.73,23.19,36.23,Yes
1594,Cotton,Vegetative,22.41,24.54,86.55,68.65,7.49,19.8,26.42,Yes
1595,Sugarcane,Maturation,12.94,15.08,60.13,4.91,8.17,11.19,62.02,Yes
1596,Tomato,Seedling,62.88,18.8,48.16,34.09,5.54,25.71,3.25,No
1597,Rice,Maturation,30.87,32.39,59.21,55.07,6.33,19.54,48.78,Yes
1598,Cotton,Maturation,64.29,15.46,45.24,38.87,6.16,28.97,14.56,No
1599,Maize,Seedling,26.06,25.01,46.56,7.91,8.09,20.33,31.52,Yes
1600,Rice,Seedling,24.47,22.64,82.63,60.62,7.51,21.12,23.45,No
1601,Maize,Maturation,68.65,15.09,92.31,26.19,7.57,21.08,2.52,No
1602,Cotton,Vegetative,16.51,23.27,79.67,20.09,7.91,21.72,55.95,Yes
1603,Tomato,Flowering,15.77,27.74,42.76,19.59,5.64,16.72,76.48,Yes
1604,Soybean,Maturation,23.65,40.85,31.07,6.1,7.2,12.74,56.91,Yes
1605,Tomato,Seedling,22.3,26.13,94.74,5.81,7.54,29.52,30.36,Yes
1606,Cotton,Vegetative,32.25,15.99,30.76,47.0,5.86,15.61,38.36,Yes
1607,Potato,Vegetative,15.61,39.94,69.77,7.48,6.25,21.97,67.34,Yes
1608,Cotton,Seedling,38.56,22.48,40.86,60.59,7.69,28.52,0,No
1609,Potato,Vegetative,57.74,38.96,36.51,40.3,6.19,21.51,43.08,Yes
1610,Soybean,Maturation,43.38,19.44,78.03,78.46,7.22,23.35,0,No
1611,Cotton,Vegetative,59.34,21.32,32.94,14.35,7.98,13.95,46.91,Yes
1612,Potato,Vegetative,47.12,15.85,77.17,57.92,6.6,25.13,10.32,No
1613,Sugarcane,Maturation,19.24,16.71,88.58,37.9,5.52,17.49,37.98,Yes
1614,Tomato,Seedling,15.09,19.25,34.76,33.2,6.8,23.99,23.61,No
1615,Maize,Flowering,52.82,34.27,87.45,42.47,8.2,21.83,48.3,Yes
1616,Soybean,Maturation,19.44,41.92,64.64,45.38,8.36,18.5,33.43,Yes
1617,Potato,Flowering,28.94,31.37,90.2,63.86,8.01,13.93,39.1,Yes
1618,Potato,Seedling,62.48,18.11,75.14,72.07,6.19,24.01,0,No
1619,Rice,Maturation,33.68,32.54,76.31,65.34,5.66,13.6,45.26,Yes
1620,Cotton,Seedling,40.5,31.39,87.49,19.32,7.16,16.78,22.35,No
1621,Rice,Flowering,25.67,29.82,83.83,3.52,6.97,26.76,120,Yes
1622,Rice,Vegetative,47.49,16.93,76.86,43.74,7.71,16.44,56.23,Yes
1623,Maize,Flowering,69.57,24.12,32.15,0.92,5.58,23.3,64.09,Yes
1624,Wheat,Seedling,29.35,35.45,82.52,46.87,5.75,13.81,9.63,No
1625,Rice,Maturation,57.02,29.55,54.15,63.0,7.75,22.1,32.49,Yes
1626,Soybean,Maturation,50.33,36.46,62.76,23.19,6.38,13.19,20.24,No
1627,Maize,Maturation,27.23,29.1,79.92,12.05,7.97,15.78,38.74,Yes
1628,Tomato,Maturation,12.42,26.74,31.71,47.94,5.51,15.23,36.09,Yes
1629,Cotton,Maturation,30.72,24.22,53.5,41.27,7.09,18.1,29.4,Yes
1630,Maize,Flowering,40.7,41.75,54.02,3.92,6.43,13.4,78.71,Yes
1631,Tomato,Seedling,43.15,16.06,60.53,32.54,6.22,22.04,4.73,No
1632,Soybean,Seedling,56.34,36.02,91.95,68.49,7.08,12.52,0,No
1633,Wheat,Flowering,58.12,40.06,86.24,20.23,7.09,27.8,49.48,Yes
1634,Sugarcane,Flowering,67.73,32.38,65.59,37.89,8.14,14.98,79.03,Yes
1635,Cotton,Maturation,53.09,20.07,72.1,31.98,6.23,23.46,22.93,No
1636,Sugarcane,Vegetative,41.3,32.42,73.35,24.6,6.39,10.41,74.47,Yes
1637,Tomato,Vegetative,32.1,34.58,64.34,17.11,6.43,25.57,62.92,Yes
1638,Tomato,Flowering,66.73,32.05,40.18,75.69,6.62,15.81,37.09,Yes
1639,Wheat,Vegetative,34.2,21.19,73.92,27.19,7.55,15.88,30.98,Yes
1640,Wheat,Seedling,38.19,23.31,81.49,69.05,7.04,29.2,0,No
1641,Wheat,Vegetative,53.85,24.95,66.15,40.08,6.04,29.65,10.51,No
1642,Potato,Seedling,50.42,24.18,48.83,51.13,8.48,15.83,7.3,No
1643,Cotton,Vegetative,22.54,35.66,53.08,66.28,6.27,16.3,43.64,Yes
1644,Cotton,Vegetative,58.36,17.43,76.23,36.38,6.9,27.57,24.07,No
1645,Rice,Seedling,46.39,20.36,68.57,50.47,6.09,14.34,15.02,No
1646,Cotton,Seedling,62.94,38.08,77.02,76.5,8.25,22.24,0,No
1647,Potato,Flowering,69.49,17.57,92.45,68.67,7.84,24.41,10.17,No
1648,Maize,Vegetative,59.22,41.93,31.91,8.54,7.84,12.24,56.74,Yes
1649,Maize,Seedling,24.66,25.19,60.7,56.23,6.29,15.67,8.57,No
1650,Tomato,Seedling,62.94,33.36,55.46,48.78,6.54,27.72,5.6,No
1651,Rice,Flowering,46.22,36.83,86.6,51.14,7.23,12.18,89.85,Yes
1652,Potato,Flowering,60.28,30.84,79.17,32.58,6.01,24.46,46.99,Yes
1653,Cotton,Vegetative,14.41,27.18,51.79,33.46,5.78,28.68,55.49,Yes
1654,Sugarcane,Vegetative,41.18,26.0,78.56,66.37,7.39,25.56,39.78,Yes
1655,Soybean,Vegetative,39.54,25.68,58.3,63.26,5.64,23.87,16.52,No
1656,Wheat,Seedling,66.63,38.62,33.6,70.79,6.58,17.96,0,No
1657,Rice,Seedling,33.18,33.49,34.72,75.22,6.14,29.06,25.96,Yes
1658,Soybean,Flowering,13.12,26.6,65.77,34.9,5.83,22.53,52.43,Yes
1659,Potato,Maturation,55.78,32.39,39.27,16.87,7.07,15.28,34.27,Yes
1660,Cotton,Flowering,63.78,15.13,64.31,35.79,6.08,15.97,43.69,Yes
1661,Potato,Vegetative,34.45,20.72,71.93,49.16,5.87,12.05,20.27,No
1662,Wheat,Seedling,40.44,41.82,67.75,5.19,6.37,21.48,35.86,Yes
1663,Wheat,Maturation,69.51,30.74,40.76,60.5,7.62,22.48,0,No
1664,Tomato,Flowering,59.82,32.33,79.37,59.68,7.53,25.22,35.55,Yes
1665,Potato,Seedling,63.35,22.98,64.79,29.29,6.65,29.04,2.71,No
1666,Rice,Flowering,11.28,28.51,50.12,49.5,8.42,13.89,106.71,Yes
1667,Maize,Vegetative,16.5,37.66,82.46,17.84,7.84,25.53,54.74,Yes
1668,Wheat,Maturation,47.33,15.62,66.26,12.4,7.42,19.14,16.07,No
1669,Tomato,Seedling,48.52,19.7,44.03,44.93,8.48,14.56,2.2,No
1670,Soybean,Vegetative,63.91,29.05,72.72,44.89,5.55,26.38,13.67,No
1671,Sugarcane,Seedling,63.84,40.92,87.67,9.42,5.93,23.9,39.23,Yes
1672,Maize,Maturation,45.43,24.69,73.98,34.73,6.3,25.67,16.37,No
1673,Tomato,Maturation,30.68,32.02,90.02,17.33,7.19,26.17,44.79,Yes
1674,Maize,Vegetative,58.43,23.47,51.9,73.91,5.86,26.87,9.94,No
1675,Sugarcane,Maturation,42.49,21.5,81.76,24.86,7.03,22.52,45.22,Yes
1676,Maize,Maturation,55.14,15.03,73.4,41.11,7.3,28.15,3.59,No
1677,Tomato,Seedling,69.91,18.15,93.68,30.97,6.11,11.62,0,No
1678,Wheat,Seedling,66.72,25.13,33.64,51.86,5.74,22.6,0,No
1679,Rice,Flowering,13.26,26.01,41.52,50.36,6.09,21.65,99.2,Yes
1680,Maize,Seedling,53.8,20.95,48.19,1.35,6.99,18.85,22.41,No
1681,Sugarcane,Maturation,19.74,34.29,59.19,11.18,6.71,27.26,72.15,Yes
1682,Soybean,Seedling,43.33,17.49,86.71,58.0,7.98,28.46,0,No
1683,Wheat,Vegetative,43.93,40.18,34.34,62.22,5.57,28.73,23.24,No
1684,Cotton,Vegetative,22.16,21.27,90.92,76.34,6.44,24.3,20.26,No
1685,Maize,Vegetative,30.68,40.95,37.07,43.57,5.74,10.21,52.9,Yes
1686,Maize,Seedling,14.72,19.41,54.69,17.51,6.77,26.5,21.47,No
1687,Soybean,Vegetative,38.06,29.75,93.47,30.08,6.07,18.95,33.44,Yes
1688,Sugarcane,Flowering,45.55,34.6,40.97,46.3,5.64,27.28,89.29,Yes
1689,Sugarcane,Seedling,68.38,17.55,47.9,79.59,6.21,14.1,0,No
1690,Potato,Seedling,65.66,39.44,78.16,39.97,7.04,28.3,8.97,No
1691,Rice,Seedling,60.04,32.25,87.08,71.54,7.27,26.55,9.53,No
1692,Tomato,Vegetative,44.35,24.18,83.93,62.75,7.56,18.76,19.82,No
1693,Tomato,Vegetative,62.48,29.56,86.98,67.85,6.03,23.63,12.38,No
1694,Cotton,Maturation,67.59,15.62,81.06,47.09,7.66,18.57,3.42,No
1695,Rice,Maturation,38.7,16.65,85.96,39.72,8.2,20.37,40.19,Yes
1696,Wheat,Flowering,55.87,25.16,39.34,52.71,6.01,14.48,19.46,No
1697,Soybean,Flowering,50.43,17.33,55.57,69.88,6.6,25.55,13.25,No
1698,Rice,Flowering,34.3,19.06,34.74,52.1,8.31,11.46,87.47,Yes
1699,Maize,Flowering,44.07,41.16,79.07,76.39,7.17,20.69,36.83,Yes
1700,Sugarcane,Seedling,67.19,18.43,89.71,68.07,7.9,29.03,0,No
1701,Cotton,Maturation,68.5,31.15,74.94,40.59,6.38,12.6,21.0,No
1702,Rice,Seedling,27.01,27.2,65.47,36.63,7.93,28.26,35.99,Yes
1703,Potato,Seedling,31.42,19.83,88.19,32.13,6.67,13.92,8.53,No
1704,Wheat,Maturation,26.49,36.07,92.63,5.08,7.38,29.47,34.47,Yes
1705,Potato,Maturation,33.07,19.05,70.54,73.23,7.02,24.37,3.04,No
1706,Soybean,Vegetative,39.63,35.24,81.38,42.57,7.54,10.01,34.53,Yes
1707,Maize,Vegetative,32.12,33.78,87.4,53.09,8.1,25.11,26.79,Yes
1708,Soybean,Maturation,44.15,15.83,38.11,22.37,7.13,25.57,22.18,No
1709,Soybean,Flowering,26.1,19.93,64.03,36.85,6.68,12.81,45.38,Yes
1710,Maize,Vegetative,48.04,18.59,64.63,46.08,6.31,17.83,15.26,No
1711,Cotton,Vegetative,42.77,39.34,67.22,8.25,6.71,15.21,63.48,Yes
1712,Maize,Flowering,53.35,40.17,41.56,75.6,6.67,29.37,33.14,Yes
1713,Maize,Maturation,66.76,20.98,75.15,27.47,7.32,23.73,14.84,No
1714,Rice,Maturation,32.15,15.69,71.98,41.51,8.37,28.99,44.71,Yes
1715,Soybean,Seedling,46.59,35.41,80.25,22.98,6.29,10.15,15.7,No
1716,Rice,Seedling,64.83,31.17,40.71,15.93,8.0,16.67,43.86,Yes
1717,Cotton,Flowering,57.61,17.32,53.67,31.56,5.76,15.87,56.87,Yes
1718,Cotton,Seedling,23.0,19.68,70.26,17.16,6.76,24.56,30.94,Yes
1719,Rice,Vegetative,57.93,27.08,50.63,1.28,7.36,29.05,84.79,Yes
1720,Rice,Flowering,67.02,36.4,32.29,28.31,6.87,22.31,106.16,Yes
1721,Rice,Maturation,43.69,31.34,84.27,60.62,5.52,17.22,37.98,Yes
1722,Soybean,Maturation,19.77,18.69,51.51,64.73,7.93,18.56,11.54,No
1723,Wheat,Flowering,61.84,30.76,57.01,60.34,7.12,15.59,21.71,No
1724,Soybean,Flowering,68.99,39.12,48.17,50.57,7.7,18.44,35.95,Yes
1725,Soybean,Flowering,57.26,37.72,48.72,40.16,6.41,22.29,46.8,Yes
1726,Tomato,Flowering,11.52,40.18,30.41,3.15,5.97,16.14,101.25,Yes
1727,Cotton,Vegetative,14.36,21.38,71.77,66.07,8.47,12.31,32.35,Yes
1728,Cotton,Seedling,29.44,27.97,63.92,50.67,6.78,24.76,18.01,No
1729,Rice,Flowering,28.2,37.98,64.11,30.65,7.26,29.9,108.64,Yes
1730,Cotton,Maturation,36.94,32.21,58.67,75.96,7.43,12.99,17.42,No
1731,Wheat,Vegetative,31.98,28.91,78.02,13.42,6.61,14.18,41.47,Yes
1732,Maize,Seedling,54.22,20.14,34.09,16.01,5.93,26.82,14.36,No
1733,Wheat,Flowering,47.44,16.59,77.99,70.84,7.06,18.31,4.66,No
1734,Potato,Flowering,11.45,19.46,60.66,41.49,5.76,19.12,53.78,Yes
1735,Maize,Flowering,38.8,23.66,78.54,29.05,7.38,19.68,45.27,Yes
1736,Wheat,Flowering,18.55,17.44,83.08,68.39,7.73,17.65,23.5,No
1737,Cotton,Seedling,33.55,29.83,41.81,35.16,5.86,19.38,30.81,Yes
1738,Cotton,Maturation,57.23,34.66,90.18,52.43,8.4,29.13,19.87,No
1739,Wheat,Flowering,20.91,19.19,92.09,72.77,6.14,18.24,16.95,No
1740,Tomato,Flowering,49.43,30.8,71.62,18.9,7.15,14.73,64.89,Yes
1741,Maize,Flowering,49.2,33.97,45.89,46.21,8.18,14.06,47.59,Yes
1742,Tomato,Seedling,39.35,32.4,77.91,70.6,6.16,26.16,0,No
1743,Sugarcane,Vegetative,66.51,30.42,46.97,20.31,7.93,25.5,62.84,Yes
1744,Maize,Maturation,46.22,37.89,67.85,0.22,7.21,18.8,43.44,Yes
1745,Maize,Seedling,29.87,33.0,68.73,60.78,8.23,24.38,8.8,No
1746,Soybean,Vegetative,44.77,30.07,89.47,19.44,5.95,26.25,38.6,Yes
1747,Rice,Vegetative,57.59,25.72,81.39,69.04,7.14,13.47,43.56,Yes
1748,Potato,Maturation,41.12,28.66,66.98,27.95,6.13,24.8,25.88,Yes
1749,Soybean,Flowering,21.08,32.21,55.63,4.87,8.01,25.01,77.69,Yes
1750,Cotton,Seedling,26.69,23.16,89.97,51.63,7.94,27.1,8.46,No
1751,Soybean,Seedling,37.61,24.37,86.67,76.33,8.12,21.41,0,No
1752,Maize,Vegetative,56.75,34.7,68.15,27.86,5.57,16.06,36.33,Yes
1753,Potato,Flowering,49.23,34.84,42.54,48.97,6.09,10.1,46.9,Yes
1754,Cotton,Maturation,15.58,41.12,39.44,3.87,5.95,13.04,73.52,Yes
1755,Cotton,Vegetative,17.08,33.54,75.53,36.83,6.9,23.2,60.12,Yes
1756,Rice,Seedling,16.76,25.87,38.42,14.46,5.86,24.43,57.35,Yes
1757,Potato,Vegetative,53.38,32.87,90.16,60.8,8.3,13.96,13.55,No
1758,Wheat,Flowering,44.31,26.65,51.93,42.89,7.48,19.11,30.47,Yes
1759,Sugarcane,Seedling,18.98,36.2,41.45,7.21,5.57,21.17,60.66,Yes
1760,Soybean,Seedling,44.59,23.82,38.75,47.71,6.63,10.34,4.8,No
1761,Cotton,Flowering,69.67,24.45,54.73,63.28,7.93,24.72,44.27,Yes
1762,Soybean,Vegetative,56.75,30.75,83.53,62.11,6.19,19.07,9.37,No
1763,Maize,Flowering,21.45,40.25,65.73,43.17,6.66,25.25,68.64,Yes
1764,Sugarcane,Seedling,63.29,36.02,31.67,79.21,8.29,18.45,15.39,No
1765,Soybean,Vegetative,38.76,30.05,48.07,13.31,7.36,18.86,45.45,Yes
1766,Tomato,Seedling,34.74,18.51,85.9,42.48,8.34,12.14,2.54,No
1767,Soybean,Flowering,67.17,19.28,87.11,50.54,5.52,24.02,16.73,No
1768,Wheat,Seedling,11.01,24.81,88.83,76.53,7.19,25.37,0,No
1769,Potato,Flowering,35.39,36.24,70.49,29.67,7.27,25.57,60.51,Yes
1770,Maize,Vegetative,25.08,37.72,38.9,64.81,6.89,10.05,39.91,Yes
1771,Wheat,Seedling,56.15,36.53,63.42,3.1,5.58,28.23,24.71,No
1772,Rice,Maturation,33.92,35.61,35.85,12.95,7.05,20.89,72.39,Yes
1773,Rice,Flowering,36.87,19.0,31.98,57.58,8.42,24.09,82.94,Yes
1774,Wheat,Maturation,37.18,21.66,60.03,18.34,5.74,10.96,21.73,No
1775,Sugarcane,Flowering,68.2,40.75,61.98,15.96,6.7,12.28,99.73,Yes
1776,Tomato,Vegetative,30.94,38.2,73.96,35.75,7.61,21.92,50.75,Yes
1777,Potato,Seedling,22.27,30.15,51.69,79.98,7.91,25.54,0.1,No
1778,Potato,Flowering,60.3,39.02,58.39,11.91,6.56,11.28,63.79,Yes
1779,Cotton,Vegetative,51.97,27.83,32.09,78.39,6.71,18.51,22.47,No
1780,Wheat,Seedling,57.71,16.37,68.25,53.32,5.87,15.05,0,No
1781,Wheat,Flowering,45.13,29.68,91.2,5.44,7.64,25.15,51.45,Yes
1782,Sugarcane,Seedling,28.9,33.03,76.0,25.33,6.02,15.11,39.5,Yes
1783,Wheat,Flowering,48.8,31.14,62.3,73.01,7.85,20.58,16.91,No
1784,Rice,Vegetative,37.79,26.85,37.82,33.17,7.31,25.0,75.2,Yes
1785,Rice,Maturation,64.48,40.8,39.65,38.8,8.36,19.7,52.46,Yes
1786,Maize,Flowering,36.21,20.7,74.78,41.23,7.27,15.78,41.77,Yes
1787,Rice,Maturation,58.42,16.81,83.47,21.13,8.15,26.96,41.58,Yes
1788,Cotton,Maturation,13.06,27.44,88.76,67.54,5.82,18.21,22.19,No
1789,Maize,Seedling,47.85,32.83,46.87,67.97,8.21,20.91,1.35,No
1790,Soybean,Maturation,64.05,39.23,35.43,35.56,5.57,26.73,23.46,No
1791,Sugarcane,Seedling,58.92,37.99,93.08,74.25,8.18,16.08,11.0,No
1792,Potato,Flowering,41.32,34.91,45.15,78.63,8.42,17.48,41.67,Yes
1793,Wheat,Vegetative,13.7,15.69,65.11,33.5,6.46,23.33,27.45,Yes
1794,Cotton,Maturation,43.81,23.09,56.21,61.17,7.5,28.68,13.27,No
1795,Potato,Flowering,57.49,31.2,57.53,72.3,5.95,24.52,24.09,No
1796,Potato,Seedling,26.03,30.9,44.91,9.43,8.21,11.77,41.36,Yes
1797,Tomato,Seedling,31.28,16.19,88.47,51.39,6.03,15.68,2.09,No
1798,Cotton,Flowering,53.37,24.56,80.64,36.82,7.89,26.1,50.45,Yes
1799,Tomato,Vegetative,27.57,16.22,69.31,33.73,7.42,26.7,33.0,Yes
1800,Sugarcane,Maturation,11.54,27.23,50.31,5.18,5.53,21.22,78.68,Yes
1801,Rice,Maturation,18.54,41.49,53.11,60.8,7.98,18.13,58.91,Yes
1802,Cotton,Flowering,42.08,29.38,62.62,49.13,8.14,12.75,57.8,Yes
1803,Sugarcane,Maturation,38.77,41.75,78.94,35.61,7.23,18.5,56.47,Yes
1804,Sugarcane,Seedling,22.87,37.4,68.12,60.54,7.67,17.15,31.52,Yes
1805,Maize,Vegetative,52.88,17.91,43.87,57.58,8.18,16.83,14.7,No
1806,Sugarcane,Flowering,43.38,17.55,51.61,66.4,5.57,13.31,67.14,Yes
1807,Sugarcane,Flowering,39.74,22.08,70.06,34.31,7.45,27.46,84.82,Yes
1808,Tomato,Maturation,60.71,27.69,78.12,71.73,8.29,11.31,0,No
1809,Maize,Flowering,45.67,30.48,65.53,3.35,7.12,28.15,70.15,Yes
1810,Maize,Seedling,26.29,26.96,56.89,67.82,5.81,14.53,2.66,No
1811,Soybean,Vegetative,65.15,31.92,91.57,43.67,7.35,20.77,15.67,No
1812,Tomato,Maturation,28.7,28.68,66.87,55.1,8.1,16.55,20.75,No
1813,Sugarcane,Flowering,58.21,16.33,38.07,10.78,7.3,13.61,93.11,Yes
1814,Soybean,Vegetative,51.82,25.3,75.16,28.1,5.71,11.57,20.86,No
1815,Wheat,Vegetative,59.95,29.52,80.13,64.6,6.12,16.29,0,No
1816,Maize,Seedling,40.88,22.02,54.21,4.46,6.96,10.98,27.41,Yes
1817,Sugarcane,Vegetative,27.92,41.22,46.26,3.76,8.26,29.97,98.0,Yes
1818,Tomato,Maturation,39.85,16.35,81.3,20.97,5.54,25.81,21.27,No
1819,Sugarcane,Flowering,35.42,24.83,79.16,27.19,8.18,21.42,92.25,Yes
1820,Soybean,Vegetative,21.54,28.67,69.56,34.01,6.23,25.64,35.36,Yes
1821,Sugarcane,Maturation,62.55,36.15,85.53,14.75,6.76,24.01,55.54,Yes
1822,Soybean,Flowering,23.73,16.45,75.16,54.02,5.98,13.73,32.39,Yes
1823,Maize,Vegetative,27.65,41.01,81.88,34.25,8.14,23.88,45.34,Yes
1824,Soybean,Seedling,33.41,17.8,41.5,56.73,5.8,17.45,0,No
1825,Sugarcane,Maturation,69.6,15.17,88.79,42.95,5.83,21.78,21.92,No
1826,Potato,Vegetative,21.75,17.14,67.56,70.6,6.58,28.61,15.19,No
1827,Wheat,Flowering,36.77,41.84,56.56,21.05,5.99,26.24,63.57,Yes
1828,Maize,Seedling,22.23,21.78,77.8,70.76,6.53,18.6,0,No
1829,Tomato,Seedling,37.67,24.46,83.24,13.5,8.45,28.96,22.98,No
1830,Cotton,Flowering,62.72,24.77,78.91,76.0,5.64,23.52,31.79,Yes
1831,Tomato,Flowering,28.33,24.92,72.39,27.08,5.94,13.94,64.27,Yes
1832,Cotton,Vegetative,66.08,41.59,48.56,42.98,7.8,24.62,43.07,Yes
1833,Potato,Seedling,37.05,39.33,55.88,16.5,7.49,22.9,33.23,Yes
1834,Maize,Seedling,21.5,37.48,65.03,54.81,7.96,27.95,16.59,No
1835,Soybean,Seedling,49.3,16.64,85.04,48.54,6.66,14.94,0,No
1836,Cotton,Seedling,33.2,41.85,93.63,26.0,7.14,26.59,33.85,Yes
1837,Sugarcane,Vegetative,29.86,21.2,49.86,2.86,8.26,24.0,81.17,Yes
1838,Rice,Maturation,36.43,28.64,63.42,5.36,6.77,29.78,68.1,Yes
1839,Sugarcane,Flowering,25.26,33.09,53.37,20.95,5.66,20.63,111.99,Yes
1840,Rice,Maturation,46.17,20.87,75.8,44.2,5.55,23.72,32.17,Yes
1841,Soybean,Vegetative,48.62,18.33,64.88,76.83,7.04,15.11,0,No
1842,Tomato,Vegetative,63.09,35.64,68.93,24.49,8.46,19.62,40.98,Yes
1843,Maize,Maturation,16.28,37.67,74.27,20.3,6.2,26.2,53.02,Yes
1844,Tomato,Flowering,20.5,18.57,43.24,44.54,6.18,18.99,50.18,Yes
1845,Cotton,Vegetative,44.08,17.79,93.43,78.83,7.48,20.0,4.87,No
1846,Cotton,Vegetative,41.02,28.9,33.21,46.25,8.27,13.36,48.08,Yes
1847,Rice,Seedling,58.97,15.4,44.95,71.12,5.55,23.83,0,No
1848,Rice,Seedling,64.6,28.71,71.04,53.72,7.17,26.04,16.71,No
1849,Potato,Maturation,17.3,29.79,83.16,15.15,6.65,11.86,46.32,Yes
1850,Sugarcane,Flowering,48.99,32.31,35.53,40.83,5.64,19.65,93.83,Yes
1851,Tomato,Vegetative,21.7,23.35,86.31,47.1,8.0,25.8,36.45,Yes
1852,Wheat,Maturation,60.12,25.92,41.85,29.6,7.95,28.87,13.04,No
1853,Tomato,Maturation,60.05,23.95,88.69,3.69,6.8,27.94,27.16,Yes
1854,Rice,Seedling,64.3,25.61,54.11,69.4,7.63,24.08,8.46,No
1855,Cotton,Flowering,10.1,27.07,51.06,31.91,7.95,28.33,79.01,Yes
1856,Wheat,Seedling,32.04,30.17,42.65,33.58,6.11,21.08,20.27,No
1857,Tomato,Maturation,19.56,31.39,81.02,42.24,7.12,21.16,28.79,Yes
1858,Rice,Maturation,41.75,33.42,71.65,62.53,5.72,10.61,40.49,Yes
1859,Tomato,Vegetative,31.78,37.79,67.01,71.74,5.57,21.89,37.63,Yes
1860,Maize,Maturation,62.87,35.63,53.3,67.94,7.39,21.55,11.52,No
1861,Maize,Maturation,10.88,41.4,65.96,0.47,8.33,27.95,62.53,Yes
1862,Rice,Maturation,31.67,28.78,93.15,9.42,6.96,15.82,65.88,Yes
1863,Rice,Vegetative,39.3,25.4,42.02,5.97,7.13,25.94,85.28,Yes
1864,Rice,Maturation,66.4,26.77,41.51,11.27,8.33,16.69,54.67,Yes
1865,Rice,Maturation,13.2,34.09,94.72,70.71,7.66,17.33,46.65,Yes
1866,Soybean,Flowering,32.37,37.5,32.95,34.81,7.02,10.06,59.99,Yes
1867,Maize,Vegetative,60.67,24.91,83.98,56.82,5.55,24.69,13.44,No
1868,Soybean,Maturation,26.51,16.43,41.16,66.18,6.34,27.29,5.45,No
1869,Maize,Vegetative,65.17,31.5,87.68,70.84,6.34,11.17,2.22,No
1870,Maize,Vegetative,51.33,34.36,45.62,10.9,6.76,17.79,51.06,Yes
1871,Soybean,Seedling,38.89,16.59,52.84,45.0,7.59,28.98,1.58,No
1872,Wheat,Vegetative,60.63,38.92,37.1,65.3,5.76,13.72,16.8,No
1873,Rice,Seedling,54.63,21.14,83.1,63.52,5.66,21.39,6.08,No
1874,Rice,Maturation,45.62,33.37,30.3,38.71,8.22,26.6,58.28,Yes
1875,Rice,Flowering,43.71,23.84,49.05,64.86,5.92,21.35,75.86,Yes
1876,Cotton,Maturation,30.68,31.07,48.14,37.78,5.85,26.73,40.27,Yes
1877,Rice,Vegetative,68.64,20.46,50.21,43.07,6.14,25.41,50.96,Yes
1878,Soybean,Seedling,19.22,35.92,73.16,32.26,7.55,11.37,24.15,No
1879,Sugarcane,Vegetative,68.25,36.16,77.34,35.03,7.07,27.63,58.82,Yes
1880,Maize,Maturation,41.8,25.95,47.75,43.65,5.62,18.59,26.12,Yes
1881,Cotton,Vegetative,69.38,41.9,87.91,74.48,7.01,20.94,23.91,No
1882,Cotton,Maturation,65.27,36.54,70.99,67.98,6.72,12.76,10.96,No
1883,Wheat,Flowering,30.04,27.03,58.88,22.14,5.65,17.2,47.17,Yes
1884,Soybean,Maturation,19.57,30.24,77.4,0.78,5.6,28.74,43.45,Yes
1885,Soybean,Seedling,12.55,31.98,50.12,2.2,8.47,12.03,43.71,Yes
1886,Rice,Maturation,56.73,40.42,36.16,78.9,5.56,16.57,45.1,Yes
1887,Sugarcane,Maturation,50.92,16.46,75.68,13.46,5.57,24.34,42.21,Yes
1888,Sugarcane,Seedling,50.96,41.95,88.04,53.35,6.05,28.02,26.88,Yes
1889,Soybean,Seedling,10.63,38.22,79.37,55.97,5.65,16.39,14.32,No
1890,Maize,Flowering,68.0,32.68,74.62,20.77,7.4,22.35,54.97,Yes
1891,Wheat,Maturation,26.95,40.81,62.0,61.2,7.61,26.89,15.27,No
1892,Soybean,Flowering,48.63,39.66,73.32,66.34,5.64,29.65,34.97,Yes
1893,Sugarcane,Vegetative,68.19,35.87,30.79,55.2,7.24,10.06,51.11,Yes
1894,Cotton,Maturation,12.74,31.51,93.2,22.74,5.72,16.0,53.53,Yes
1895,Rice,Vegetative,69.43,24.09,70.0,71.35,8.38,17.18,36.47,Yes
1896,Soybean,Flowering,18.79,24.76,34.59,4.75,8.39,21.39,68.49,Yes
1897,Wheat,Seedling,33.87,26.57,89.41,65.94,5.68,20.93,0,No
1898,Wheat,Vegetative,69.77,28.53,75.14,10.02,8.17,14.36,21.29,No
1899,Cotton,Flowering,28.41,33.87,94.13,68.95,5.56,17.85,47.75,Yes
1900,Maize,Flowering,29.69,20.89,71.14,66.28,5.72,14.25,34.83,Yes
1901,Tomato,Flowering,25.31,39.27,41.94,8.46,7.11,13.68,91.56,Yes
1902,Maize,Vegetative,57.36,23.31,85.64,5.58,7.71,10.64,36.79,Yes
1903,Wheat,Maturation,60.34,16.25,45.88,50.98,8.38,21.12,0,No
1904,Wheat,Vegetative,63.18,18.15,54.96,35.53,7.88,22.33,10.42,No
1905,Wheat,Flowering,63.78,24.03,93.39,72.97,6.5,27.53,0,No
1906,Potato,Flowering,61.43,38.24,35.7,47.47,7.28,18.47,47.4,Yes
1907,Maize,Maturation,12.79,40.74,45.62,53.68,8.15,25.95,40.03,Yes
1908,Soybean,Flowering,41.24,17.1,60.03,37.07,5.57,21.92,34.55,Yes
1909,Wheat,Maturation,16.87,36.63,84.72,18.05,7.76,10.12,39.56,Yes
1910,Maize,Seedling,48.82,31.42,72.92,5.4,8.22,20.49,30.29,Yes
1911,Rice,Maturation,53.37,33.53,66.76,34.7,7.82,20.06,51.81,Yes
1912,Rice,Flowering,44.14,27.52,93.23,13.4,7.57,17.63,104.48,Yes
1913,Wheat,Seedling,55.02,35.87,89.62,38.3,7.8,23.99,2.8,No
1914,Tomato,Vegetative,40.51,30.71,88.45,64.3,6.33,29.23,23.08,No
1915,Sugarcane,Seedling,49.44,41.88,38.98,57.79,6.93,10.02,31.9,Yes
1916,Sugarcane,Vegetative,47.52,37.64,44.86,53.0,5.97,15.04,65.74,Yes
1917,Sugarcane,Flowering,39.24,22.53,43.74,10.53,7.75,20.5,104.42,Yes
1918,Soybean,Vegetative,52.07,33.17,77.82,58.78,5.88,22.68,17.64,No
1919,Wheat,Flowering,66.23,33.79,44.24,10.5,7.65,19.96,49.08,Yes
1920,Rice,Vegetative,32.38,20.24,88.4,60.74,7.01,18.36,49.35,Yes
1921,Wheat,Maturation,25.21,20.32,74.34,65.99,6.53,25.86,0,No
1922,Potato,Maturation,31.35,39.38,36.24,42.98,5.9,11.42,42.63,Yes
1923,Wheat,Vegetative,69.44,17.42,74.37,65.04,8.43,11.48,0,No
1924,Wheat,Vegetative,44.92,40.81,44.18,75.53,5.59,14.96,22.02,No
1925,Sugarcane,Seedling,47.21,25.58,39.8,6.49,8.11,28.78,43.92,Yes
1926,Wheat,Flowering,34.35,38.89,92.97,33.41,8.41,17.87,46.46,Yes
1927,Wheat,Maturation,24.03,25.64,39.94,45.63,7.91,17.24,22.77,No
1928,Sugarcane,Flowering,49.36,26.91,58.05,78.38,7.55,22.09,66.85,Yes
1929,Cotton,Vegetative,44.05,24.28,49.65,48.36,6.0,13.8,37.86,Yes
1930,Tomato,Seedling,15.31,41.15,46.62,62.87,7.5,28.39,22.94,No
1931,Soybean,Flowering,25.99,19.09,74.15,68.01,7.41,29.1,22.33,No
1932,Rice,Maturation,18.85,21.48,50.22,65.65,5.75,22.02,41.55,Yes
1933,Tomato,Flowering,23.24,30.11,82.32,70.99,7.66,29.25,45.29,Yes
1934,Maize,Flowering,50.0,24.85,45.33,19.64,8.35,28.99,59.03,Yes
1935,Wheat,Vegetative,14.65,34.07,53.78,53.48,7.0,10.56,34.94,Yes
1936,Potato,Maturation,64.97,30.22,47.46,26.47,6.86,21.74,22.54,No
1937,Sugarcane,Flowering,66.82,24.73,45.6,29.66,6.92,27.14,77.45,Yes
1938,Tomato,Seedling,35.85,39.46,38.22,14.17,6.36,10.44,45.73,Yes
1939,Wheat,Flowering,65.52,40.29,89.61,24.51,5.76,16.83,40.09,Yes
1940,Soybean,Flowering,44.54,25.72,84.88,14.54,8.06,14.79,44.73,Yes
1941,Potato,Flowering,18.2,24.93,76.63,78.98,6.3,17.7,36.43,Yes
1942,Sugarcane,Vegetative,24.87,39.23,91.16,65.33,6.4,16.33,60.09,Yes
1943,Sugarcane,Vegetative,53.1,16.51,66.83,17.6,7.81,14.52,63.54,Yes
1944,Wheat,Seedling,42.05,33.53,37.93,75.21,7.97,28.4,0,No
1945,Maize,Seedling,14.76,34.71,59.03,73.29,7.17,16.37,11.77,No
1946,Sugarcane,Vegetative,35.98,39.46,81.84,20.78,8.03,23.01,85.85,Yes
1947,Potato,Seedling,16.75,20.24,92.72,69.58,8.3,23.53,0,No
1948,Soybean,Vegetative,23.35,27.01,59.44,46.18,6.7,16.48,28.38,Yes
1949,Cotton,Vegetative,38.08,18.01,89.22,51.66,5.64,25.26,24.27,No
1950,Potato,Seedling,11.48,40.27,51.16,41.53,8.45,10.73,27.94,Yes
1951,Maize,Maturation,61.38,19.81,38.32,24.74,6.46,23.25,19.61,No
1952,Wheat,Flowering,23.6,30.49,81.46,61.54,6.15,17.96,30.95,Yes
1953,Rice,Maturation,69.61,39.53,42.9,15.85,7.37,17.02,65.36,Yes
1954,Maize,Seedling,46.06,20.04,77.21,68.48,7.85,16.88,0,No
1955,Soybean,Flowering,59.63,38.21,74.39,72.76,5.95,13.02,23.25,No
1956,Cotton,Vegetative,63.62,31.29,41.33,22.99,8.06,23.82,42.73,Yes
1957,Cotton,Flowering,23.53,21.12,57.74,40.58,8.42,19.39,64.83,Yes
1958,Potato,Seedling,40.69,25.51,62.36,76.77,7.79,26.14,0,No
1959,Cotton,Maturation,12.31,15.38,38.1,31.71,6.56,26.91,40.51,Yes
1960,Maize,Seedling,67.82,28.31,81.59,50.42,8.27,25.24,0,No
1961,Sugarcane,Maturation,38.71,23.76,78.99,10.48,6.13,29.4,56.39,Yes
1962,Maize,Vegetative,67.14,39.83,63.04,50.78,7.76,15.84,30.66,Yes
1963,Maize,Flowering,43.61,33.1,78.14,12.34,7.95,29.82,62.35,Yes
1964,Soybean,Maturation,13.43,19.94,87.75,79.43,6.51,17.43,0,No
1965,Wheat,Maturation,24.53,39.22,81.37,38.3,7.9,11.33,24.99,No
1966,Sugarcane,Maturation,51.02,28.28,36.8,18.91,6.96,16.31,53.28,Yes
1967,Sugarcane,Seedling,49.19,23.75,30.88,52.8,6.16,17.71,19.45,No
1968,Sugarcane,Maturation,23.75,37.36,60.78,29.23,5.69,24.61,66.26,Yes
1969,Potato,Seedling,31.69,21.79,34.73,13.94,7.38,11.35,33.64,Yes
1970,Sugarcane,Seedling,14.65,35.69,73.76,26.4,6.31,21.39,54.7,Yes
1971,Rice,Maturation,45.55,20.71,50.87,43.77,6.57,13.7,41.74,Yes
1972,Maize,Seedling,25.22,26.73,40.29,1.19,7.37,23.04,38.67,Yes
1973,Rice,Vegetative,53.74,17.42,49.99,75.26,7.21,25.04,31.74,Yes
1974,Tomato,Maturation,41.92,32.48,56.39,45.31,7.07,14.31,30.2,Yes
1975,Maize,Maturation,39.43,28.06,35.19,48.16,7.81,12.64,19.72,No
1976,Wheat,Maturation,67.55,33.78,92.65,42.78,6.93,20.89,0,No
1977,Soybean,Vegetative,60.44,40.27,91.15,54.8,8.2,23.97,17.43,No
1978,Rice,Maturation,29.73,20.09,92.0,53.77,7.86,22.74,37.88,Yes
1979,Maize,Vegetative,17.48,16.23,37.87,5.54,8.03,25.49,50.63,Yes
1980,Sugarcane,Maturation,57.97,22.67,30.45,4.0,5.92,29.36,57.63,Yes
1981,Potato,Maturation,28.37,29.71,79.56,39.71,6.39,18.96,23.17,No
1982,Rice,Maturation,58.97,25.41,52.59,55.25,5.6,27.16,35.02,Yes
1983,Wheat,Seedling,34.4,24.53,75.44,37.62,5.61,24.78,7.56,No
1984,Maize,Maturation,36.48,17.97,71.27,52.01,5.91,23.92,7.48,No
1985,Cotton,Flowering,22.35,33.76,68.58,57.52,6.04,17.0,65.46,Yes
1986,Tomato,Vegetative,35.59,21.34,35.09,25.12,6.37,20.49,47.52,Yes
1987,Soybean,Maturation,30.92,22.61,72.73,19.84,8.42,25.07,30.94,Yes
1988,Sugarcane,Vegetative,28.44,21.95,34.74,71.74,7.34,17.91,46.03,Yes
1989,Cotton,Vegetative,60.03,40.51,46.8,46.27,6.36,21.5,43.86,Yes
1990,Wheat,Vegetative,18.77,16.29,51.33,33.61,7.32,19.54,30.08,Yes
1991,Cotton,Flowering,15.99,19.26,92.88,79.82,7.78,18.91,42.39,Yes
1992,Potato,Seedling,38.74,23.14,85.36,27.82,6.36,24.2,11.0,No
1993,Tomato,Flowering,30.2,36.61,38.57,62.22,5.61,10.2,58.07,Yes
1994,Sugarcane,Maturation,65.73,19.01,69.71,45.33,7.97,12.83,28.47,Yes
1995,Soybean,Seedling,18.18,18.1,77.7,36.92,8.08,27.29,4.13,No
1996,Cotton,Flowering,44.94,31.96,84.57,77.11,7.17,18.6,41.13,Yes
1997,Rice,Vegetative,66.66,22.05,53.43,23.87,6.28,16.55,61.07,Yes
1998,Cotton,Flowering,12.88,20.53,87.87,15.24,6.72,28.66,76.79,Yes
1999,Maize,Seedling,61.48,20.26,59.74,14.65,6.72,23.12,11.49,No
2000,Potato,Maturation,40.27,33.71,82.06,31.7,7.96,26.62,27.96,Yes
